[2025-04-30 10:51:44] TaskManagementApp.INFO: Bootstrap initialized. Logger is active.  
[2025-04-30 10:51:44] TaskManagementApp.INFO: Bootstrap initialized. Logger is active.  
[2025-04-30 10:51:44] TaskManagementApp.INFO: Bootstrap initialized. Logger is active.  
[2025-04-30 10:51:44] TaskManagementApp.INFO: Bootstrap initialized. Logger is active.  
[2025-04-30 10:51:44] TaskManagementApp.INFO: Bootstrap initialized. Logger is active.  
[2025-04-30 10:51:49] TaskManagementApp.INFO: Bootstrap initialized. Logger is active.  
[2025-04-30 10:51:49] TaskManagementApp.DEBUG: Loading view file {"path":"E:\\xampp\\htdocs\\task_management/modules/tasks/create.php"} 
[2025-04-30 10:51:49] TaskManagementApp.INFO: Bootstrap initialized. Logger is active.  
[2025-04-30 10:51:49] TaskManagementApp.INFO: Bootstrap initialized. Logger is active.  
[2025-04-30 10:51:49] TaskManagementApp.INFO: Bootstrap initialized. Logger is active.  
[2025-04-30 10:51:49] TaskManagementApp.INFO: Bootstrap initialized. Logger is active.  
[2025-04-30 10:52:02] TaskManagementApp.INFO: Bootstrap initialized. Logger is active.  
[2025-04-30 10:52:02] TaskManagementApp.INFO: Bootstrap initialized. Logger is active.  
[2025-04-30 10:53:31] TaskManagementApp.INFO: Bootstrap initialized. Logger is active.  
[2025-04-30 10:53:31] TaskManagementApp.INFO: Bootstrap initialized. Logger is active.  
[2025-04-30 10:53:31] TaskManagementApp.INFO: Bootstrap initialized. Logger is active.  
[2025-04-30 10:53:31] TaskManagementApp.INFO: Bootstrap initialized. Logger is active.  
[2025-04-30 10:53:31] TaskManagementApp.INFO: Bootstrap initialized. Logger is active.  
[2025-04-30 10:53:48] TaskManagementApp.INFO: Bootstrap initialized. Logger is active.  
[2025-04-30 10:53:48] TaskManagementApp.INFO: Fetching task list {"filters":{"department_id":null,"category_id":null,"assignee_id":null,"status":null,"priority":null},"user_id":6,"role":"admin"} 
[2025-04-30 10:53:48] TaskManagementApp.ERROR: Error fetching tasks {"sql":"SELECT t.*, d.name as department_name, c.name as category_name, u.name as assignee_name, u.profile_photo as assignee_photo

                FROM tasks t

                LEFT JOIN departments d ON t.department_id = d.id

                LEFT JOIN categories c ON t.category_id = c.id

                LEFT JOIN users u ON t.assignee_id = u.id       -- İcraçı (Assignee)

                -- LEFT JOIN users cu ON t.created_by = cu.id     -- Yaradan (Creator) - Əgər sütun yoxdursa, bu sətri silin

                WHERE 1=1 ORDER BY t.due_date ASC, FIELD(t.priority, 'high', 'medium', 'low'), t.created_at DESC","params":[],"exception":"SQLSTATE[42S22]: Column not found: 1054 Unknown column 'u.profile_photo' in 'field list'"} 
[2025-04-30 10:53:48] TaskManagementApp.DEBUG: Loading view file {"path":"E:\\xampp\\htdocs\\task_management/modules/tasks/index.php"} 
[2025-04-30 10:53:48] TaskManagementApp.ERROR: Error fetching tasks {"sql":"SELECT t.*, d.name as department_name, c.name as category_name, u.name as assignee_name, u.profile_photo as assignee_photo

                FROM tasks t

                LEFT JOIN departments d ON t.department_id = d.id

                LEFT JOIN categories c ON t.category_id = c.id

                LEFT JOIN users u ON t.assignee_id = u.id       -- İcraçı (Assignee)

                -- LEFT JOIN users cu ON t.created_by = cu.id     -- Yaradan (Creator) - Əgər sütun yoxdursa, bu sətri silin

                WHERE 1=1 ORDER BY t.due_date ASC, FIELD(t.priority, 'high', 'medium', 'low'), t.created_at DESC","params":[],"exception":"SQLSTATE[42S22]: Column not found: 1054 Unknown column 'u.profile_photo' in 'field list'"} 
[2025-04-30 10:53:48] TaskManagementApp.INFO: Bootstrap initialized. Logger is active.  
[2025-04-30 10:53:48] TaskManagementApp.INFO: Bootstrap initialized. Logger is active.  
[2025-04-30 10:53:48] TaskManagementApp.INFO: Bootstrap initialized. Logger is active.  
[2025-04-30 10:53:48] TaskManagementApp.INFO: Bootstrap initialized. Logger is active.  
[2025-04-30 10:53:52] TaskManagementApp.INFO: Bootstrap initialized. Logger is active.  
[2025-04-30 10:53:52] TaskManagementApp.INFO: Fetching task list {"filters":{"department_id":null,"category_id":null,"assignee_id":null,"status":null,"priority":null},"user_id":6,"role":"admin"} 
[2025-04-30 10:53:52] TaskManagementApp.ERROR: Error fetching tasks {"sql":"SELECT t.*, d.name as department_name, c.name as category_name, u.name as assignee_name, u.profile_photo as assignee_photo

                FROM tasks t

                LEFT JOIN departments d ON t.department_id = d.id

                LEFT JOIN categories c ON t.category_id = c.id

                LEFT JOIN users u ON t.assignee_id = u.id       -- İcraçı (Assignee)

                -- LEFT JOIN users cu ON t.created_by = cu.id     -- Yaradan (Creator) - Əgər sütun yoxdursa, bu sətri silin

                WHERE 1=1 ORDER BY t.due_date ASC, FIELD(t.priority, 'high', 'medium', 'low'), t.created_at DESC","params":[],"exception":"SQLSTATE[42S22]: Column not found: 1054 Unknown column 'u.profile_photo' in 'field list'"} 
[2025-04-30 10:53:52] TaskManagementApp.DEBUG: Loading view file {"path":"E:\\xampp\\htdocs\\task_management/modules/tasks/index.php"} 
[2025-04-30 10:53:52] TaskManagementApp.ERROR: Error fetching tasks {"sql":"SELECT t.*, d.name as department_name, c.name as category_name, u.name as assignee_name, u.profile_photo as assignee_photo

                FROM tasks t

                LEFT JOIN departments d ON t.department_id = d.id

                LEFT JOIN categories c ON t.category_id = c.id

                LEFT JOIN users u ON t.assignee_id = u.id       -- İcraçı (Assignee)

                -- LEFT JOIN users cu ON t.created_by = cu.id     -- Yaradan (Creator) - Əgər sütun yoxdursa, bu sətri silin

                WHERE 1=1 ORDER BY t.due_date ASC, FIELD(t.priority, 'high', 'medium', 'low'), t.created_at DESC","params":[],"exception":"SQLSTATE[42S22]: Column not found: 1054 Unknown column 'u.profile_photo' in 'field list'"} 
[2025-04-30 10:53:52] TaskManagementApp.INFO: Bootstrap initialized. Logger is active.  
[2025-04-30 10:53:52] TaskManagementApp.INFO: Bootstrap initialized. Logger is active.  
[2025-04-30 10:53:52] TaskManagementApp.INFO: Bootstrap initialized. Logger is active.  
[2025-04-30 10:53:52] TaskManagementApp.INFO: Bootstrap initialized. Logger is active.  
[2025-04-30 12:02:46] TaskManagementApp.INFO: Bootstrap initialized. Logger is active.  
[2025-04-30 12:02:46] TaskManagementApp.INFO: Fetching task list {"filters":{"department_id":null,"category_id":null,"assignee_id":null,"status":null,"priority":null},"user_id":6,"role":"admin"} 
[2025-04-30 12:02:46] TaskManagementApp.ERROR: Error fetching tasks {"sql":"SELECT t.*, d.name as department_name, c.name as category_name, u.name as assignee_name, u.profile_photo as assignee_photo

                FROM tasks t

                LEFT JOIN departments d ON t.department_id = d.id

                LEFT JOIN categories c ON t.category_id = c.id

                LEFT JOIN users u ON t.assignee_id = u.id       -- İcraçı (Assignee)

                -- LEFT JOIN users cu ON t.created_by = cu.id     -- Yaradan (Creator) - Əgər sütun yoxdursa, bu sətri silin

                WHERE 1=1 ORDER BY t.due_date ASC, FIELD(t.priority, 'high', 'medium', 'low'), t.created_at DESC","params":[],"exception":"SQLSTATE[42S22]: Column not found: 1054 Unknown column 'u.profile_photo' in 'field list'"} 
[2025-04-30 12:02:46] TaskManagementApp.DEBUG: Loading view file {"path":"E:\\xampp\\htdocs\\task_management/modules/tasks/index.php"} 
[2025-04-30 12:02:46] TaskManagementApp.ERROR: Error fetching tasks {"sql":"SELECT t.*, d.name as department_name, c.name as category_name, u.name as assignee_name, u.profile_photo as assignee_photo

                FROM tasks t

                LEFT JOIN departments d ON t.department_id = d.id

                LEFT JOIN categories c ON t.category_id = c.id

                LEFT JOIN users u ON t.assignee_id = u.id       -- İcraçı (Assignee)

                -- LEFT JOIN users cu ON t.created_by = cu.id     -- Yaradan (Creator) - Əgər sütun yoxdursa, bu sətri silin

                WHERE 1=1 ORDER BY t.due_date ASC, FIELD(t.priority, 'high', 'medium', 'low'), t.created_at DESC","params":[],"exception":"SQLSTATE[42S22]: Column not found: 1054 Unknown column 'u.profile_photo' in 'field list'"} 
[2025-04-30 12:02:46] TaskManagementApp.INFO: Bootstrap initialized. Logger is active.  
[2025-04-30 12:02:46] TaskManagementApp.INFO: Bootstrap initialized. Logger is active.  
[2025-04-30 12:02:46] TaskManagementApp.INFO: Bootstrap initialized. Logger is active.  
[2025-04-30 12:02:47] TaskManagementApp.INFO: Bootstrap initialized. Logger is active.  
[2025-04-30 12:06:26] TaskManagementApp.INFO: Bootstrap initialized. Logger is active.  
[2025-04-30 12:06:26] TaskManagementApp.INFO: Fetching task list {"filters":{"department_id":null,"category_id":null,"assignee_id":null,"status":null,"priority":null},"user_id":6,"role":"admin"} 
[2025-04-30 12:06:26] TaskManagementApp.DEBUG: Loading view file {"path":"E:\\xampp\\htdocs\\task_management/modules/tasks/index.php"} 
[2025-04-30 12:06:26] TaskManagementApp.INFO: Bootstrap initialized. Logger is active.  
[2025-04-30 12:06:26] TaskManagementApp.INFO: Bootstrap initialized. Logger is active.  
[2025-04-30 12:06:26] TaskManagementApp.INFO: Bootstrap initialized. Logger is active.  
[2025-04-30 12:06:26] TaskManagementApp.INFO: Bootstrap initialized. Logger is active.  
[2025-04-30 12:06:40] TaskManagementApp.INFO: Bootstrap initialized. Logger is active.  
[2025-04-30 12:06:40] TaskManagementApp.INFO: Fetching task list {"filters":{"department_id":null,"category_id":null,"assignee_id":9,"status":null,"priority":null},"user_id":6,"role":"admin"} 
[2025-04-30 12:06:40] TaskManagementApp.DEBUG: Loading view file {"path":"E:\\xampp\\htdocs\\task_management/modules/tasks/index.php"} 
[2025-04-30 12:06:40] TaskManagementApp.INFO: Bootstrap initialized. Logger is active.  
[2025-04-30 12:06:40] TaskManagementApp.INFO: Bootstrap initialized. Logger is active.  
[2025-04-30 12:06:40] TaskManagementApp.INFO: Bootstrap initialized. Logger is active.  
[2025-04-30 12:06:40] TaskManagementApp.INFO: Bootstrap initialized. Logger is active.  
[2025-04-30 12:06:48] TaskManagementApp.INFO: Bootstrap initialized. Logger is active.  
[2025-04-30 12:06:48] TaskManagementApp.INFO: Fetching task list {"filters":{"department_id":null,"category_id":null,"assignee_id":4,"status":null,"priority":null},"user_id":6,"role":"admin"} 
[2025-04-30 12:06:48] TaskManagementApp.DEBUG: Loading view file {"path":"E:\\xampp\\htdocs\\task_management/modules/tasks/index.php"} 
[2025-04-30 12:06:48] TaskManagementApp.INFO: Bootstrap initialized. Logger is active.  
[2025-04-30 12:06:48] TaskManagementApp.INFO: Bootstrap initialized. Logger is active.  
[2025-04-30 12:06:48] TaskManagementApp.INFO: Bootstrap initialized. Logger is active.  
[2025-04-30 12:06:48] TaskManagementApp.INFO: Bootstrap initialized. Logger is active.  
[2025-04-30 12:06:57] TaskManagementApp.INFO: Bootstrap initialized. Logger is active.  
[2025-04-30 12:06:57] TaskManagementApp.INFO: Fetching task list {"filters":{"department_id":null,"category_id":null,"assignee_id":6,"status":null,"priority":null},"user_id":6,"role":"admin"} 
[2025-04-30 12:06:57] TaskManagementApp.DEBUG: Loading view file {"path":"E:\\xampp\\htdocs\\task_management/modules/tasks/index.php"} 
[2025-04-30 12:06:57] TaskManagementApp.INFO: Bootstrap initialized. Logger is active.  
[2025-04-30 12:06:57] TaskManagementApp.INFO: Bootstrap initialized. Logger is active.  
[2025-04-30 12:06:57] TaskManagementApp.INFO: Bootstrap initialized. Logger is active.  
[2025-04-30 12:06:57] TaskManagementApp.INFO: Bootstrap initialized. Logger is active.  
[2025-04-30 12:07:00] TaskManagementApp.INFO: Bootstrap initialized. Logger is active.  
[2025-04-30 12:07:00] TaskManagementApp.INFO: Fetching task list {"filters":{"department_id":null,"category_id":null,"assignee_id":8,"status":null,"priority":null},"user_id":6,"role":"admin"} 
[2025-04-30 12:07:00] TaskManagementApp.DEBUG: Loading view file {"path":"E:\\xampp\\htdocs\\task_management/modules/tasks/index.php"} 
[2025-04-30 12:07:00] TaskManagementApp.INFO: Bootstrap initialized. Logger is active.  
[2025-04-30 12:07:00] TaskManagementApp.INFO: Bootstrap initialized. Logger is active.  
[2025-04-30 12:07:00] TaskManagementApp.INFO: Bootstrap initialized. Logger is active.  
[2025-04-30 12:07:00] TaskManagementApp.INFO: Bootstrap initialized. Logger is active.  
[2025-04-30 12:07:03] TaskManagementApp.INFO: Bootstrap initialized. Logger is active.  
[2025-04-30 12:07:03] TaskManagementApp.INFO: Fetching task list {"filters":{"department_id":null,"category_id":null,"assignee_id":9,"status":null,"priority":null},"user_id":6,"role":"admin"} 
[2025-04-30 12:07:03] TaskManagementApp.DEBUG: Loading view file {"path":"E:\\xampp\\htdocs\\task_management/modules/tasks/index.php"} 
[2025-04-30 12:07:03] TaskManagementApp.INFO: Bootstrap initialized. Logger is active.  
[2025-04-30 12:07:03] TaskManagementApp.INFO: Bootstrap initialized. Logger is active.  
[2025-04-30 12:07:03] TaskManagementApp.INFO: Bootstrap initialized. Logger is active.  
[2025-04-30 12:07:03] TaskManagementApp.INFO: Bootstrap initialized. Logger is active.  
[2025-04-30 12:08:17] TaskManagementApp.INFO: Bootstrap initialized. Logger is active.  
[2025-04-30 12:08:17] TaskManagementApp.DEBUG: Loading view file {"path":"E:\\xampp\\htdocs\\task_management/modules/tasks/create.php"} 
[2025-04-30 12:08:17] TaskManagementApp.INFO: Bootstrap initialized. Logger is active.  
[2025-04-30 12:08:17] TaskManagementApp.INFO: Bootstrap initialized. Logger is active.  
[2025-04-30 12:08:17] TaskManagementApp.INFO: Bootstrap initialized. Logger is active.  
[2025-04-30 12:08:17] TaskManagementApp.INFO: Bootstrap initialized. Logger is active.  
[2025-04-30 12:08:30] TaskManagementApp.INFO: Bootstrap initialized. Logger is active.  
[2025-04-30 12:08:30] TaskManagementApp.INFO: Bootstrap initialized. Logger is active.  
[2025-04-30 12:24:04] TaskManagementApp.INFO: Bootstrap initialized. Logger is active.  
[2025-04-30 12:24:04] TaskManagementApp.INFO: Bootstrap initialized. Logger is active.  
[2025-04-30 12:24:04] TaskManagementApp.INFO: Bootstrap initialized. Logger is active.  
[2025-04-30 12:24:04] TaskManagementApp.INFO: Bootstrap initialized. Logger is active.  
[2025-04-30 12:24:04] TaskManagementApp.INFO: Bootstrap initialized. Logger is active.  
[2025-04-30 12:24:05] TaskManagementApp.INFO: Bootstrap initialized. Logger is active.  
[2025-04-30 12:24:05] TaskManagementApp.INFO: Bootstrap initialized. Logger is active.  
[2025-04-30 12:24:05] TaskManagementApp.INFO: Bootstrap initialized. Logger is active.  
[2025-04-30 12:24:05] TaskManagementApp.INFO: Bootstrap initialized. Logger is active.  
[2025-04-30 12:24:05] TaskManagementApp.INFO: Bootstrap initialized. Logger is active.  
[2025-04-30 12:24:13] TaskManagementApp.INFO: Bootstrap initialized. Logger is active.  
[2025-04-30 12:24:13] TaskManagementApp.INFO: Bootstrap initialized. Logger is active.  
[2025-04-30 12:24:13] TaskManagementApp.INFO: Bootstrap initialized. Logger is active.  
[2025-04-30 12:24:13] TaskManagementApp.INFO: Bootstrap initialized. Logger is active.  
[2025-04-30 12:24:13] TaskManagementApp.INFO: Bootstrap initialized. Logger is active.  
[2025-04-30 12:24:47] TaskManagementApp.INFO: Bootstrap initialized. Logger is active.  
[2025-04-30 12:24:47] TaskManagementApp.INFO: Bootstrap initialized. Logger is active.  
[2025-04-30 12:24:47] TaskManagementApp.INFO: Bootstrap initialized. Logger is active.  
[2025-04-30 12:24:47] TaskManagementApp.INFO: Bootstrap initialized. Logger is active.  
[2025-04-30 12:24:47] TaskManagementApp.INFO: Bootstrap initialized. Logger is active.  
[2025-04-30 12:24:50] TaskManagementApp.INFO: Bootstrap initialized. Logger is active.  
[2025-04-30 12:24:50] TaskManagementApp.INFO: Bootstrap initialized. Logger is active.  
[2025-04-30 12:24:50] TaskManagementApp.INFO: Bootstrap initialized. Logger is active.  
[2025-04-30 12:24:50] TaskManagementApp.INFO: Bootstrap initialized. Logger is active.  
[2025-04-30 12:24:50] TaskManagementApp.INFO: Bootstrap initialized. Logger is active.  
[2025-04-30 12:24:51] TaskManagementApp.INFO: Bootstrap initialized. Logger is active.  
[2025-04-30 12:24:51] TaskManagementApp.INFO: Bootstrap initialized. Logger is active.  
[2025-04-30 12:24:51] TaskManagementApp.INFO: Bootstrap initialized. Logger is active.  
[2025-04-30 12:24:51] TaskManagementApp.INFO: Bootstrap initialized. Logger is active.  
[2025-04-30 12:24:51] TaskManagementApp.INFO: Bootstrap initialized. Logger is active.  
[2025-04-30 12:24:52] TaskManagementApp.INFO: Bootstrap initialized. Logger is active.  
[2025-04-30 12:24:52] TaskManagementApp.INFO: Bootstrap initialized. Logger is active.  
[2025-04-30 12:24:52] TaskManagementApp.INFO: Bootstrap initialized. Logger is active.  
[2025-04-30 12:24:52] TaskManagementApp.INFO: Bootstrap initialized. Logger is active.  
[2025-04-30 12:24:52] TaskManagementApp.INFO: Bootstrap initialized. Logger is active.  
[2025-04-30 12:25:37] TaskManagementApp.INFO: Bootstrap initialized. Logger is active.  
[2025-04-30 12:25:37] TaskManagementApp.INFO: Bootstrap initialized. Logger is active.  
[2025-04-30 12:25:37] TaskManagementApp.INFO: Bootstrap initialized. Logger is active.  
[2025-04-30 12:25:37] TaskManagementApp.INFO: Bootstrap initialized. Logger is active.  
[2025-04-30 12:25:37] TaskManagementApp.INFO: Bootstrap initialized. Logger is active.  
[2025-04-30 12:28:48] TaskManagementApp.INFO: Bootstrap initialized. Logger is active.  
[2025-04-30 12:28:48] TaskManagementApp.INFO: Bootstrap initialized. Logger is active.  
[2025-04-30 12:28:48] TaskManagementApp.INFO: Bootstrap initialized. Logger is active.  
[2025-04-30 12:28:48] TaskManagementApp.INFO: Bootstrap initialized. Logger is active.  
[2025-04-30 12:28:48] TaskManagementApp.INFO: Bootstrap initialized. Logger is active.  
[2025-04-30 12:31:31] TaskManagementApp.INFO: Bootstrap initialized. Logger is active.  
[2025-04-30 12:31:31] TaskManagementApp.INFO: Bootstrap initialized. Logger is active.  
[2025-04-30 12:31:31] TaskManagementApp.INFO: Bootstrap initialized. Logger is active.  
[2025-04-30 12:31:31] TaskManagementApp.INFO: Bootstrap initialized. Logger is active.  
[2025-04-30 12:31:31] TaskManagementApp.INFO: Bootstrap initialized. Logger is active.  
[2025-04-30 12:31:32] TaskManagementApp.INFO: Bootstrap initialized. Logger is active.  
[2025-04-30 12:31:32] TaskManagementApp.DEBUG: Loading view file {"path":"E:\\xampp\\htdocs\\task_management/modules/tasks/create.php"} 
[2025-04-30 12:31:32] TaskManagementApp.INFO: Bootstrap initialized. Logger is active.  
[2025-04-30 12:31:32] TaskManagementApp.INFO: Bootstrap initialized. Logger is active.  
[2025-04-30 12:31:32] TaskManagementApp.INFO: Bootstrap initialized. Logger is active.  
[2025-04-30 12:31:32] TaskManagementApp.INFO: Bootstrap initialized. Logger is active.  
[2025-04-30 12:32:17] TaskManagementApp.INFO: Bootstrap initialized. Logger is active.  
[2025-04-30 12:32:17] TaskManagementApp.NOTICE: Task creation form validation failed {"errors":{"assignee_id":"Keçərli bir icraçı seçin."}} 
[2025-04-30 12:32:17] TaskManagementApp.INFO: Bootstrap initialized. Logger is active.  
[2025-04-30 12:32:17] TaskManagementApp.DEBUG: Loading view file {"path":"E:\\xampp\\htdocs\\task_management/modules/tasks/create.php"} 
[2025-04-30 12:32:17] TaskManagementApp.INFO: Bootstrap initialized. Logger is active.  
[2025-04-30 12:32:17] TaskManagementApp.INFO: Bootstrap initialized. Logger is active.  
[2025-04-30 12:32:17] TaskManagementApp.INFO: Bootstrap initialized. Logger is active.  
[2025-04-30 12:32:17] TaskManagementApp.INFO: Bootstrap initialized. Logger is active.  
[2025-04-30 12:33:47] TaskManagementApp.INFO: Bootstrap initialized. Logger is active.  
[2025-04-30 12:33:47] TaskManagementApp.INFO: Task created successfully {"task_id":49,"user_id":6} 
[2025-04-30 12:33:48] TaskManagementApp.INFO: Bootstrap initialized. Logger is active.  
[2025-04-30 12:33:48] TaskManagementApp.INFO: Fetching task list {"filters":{"department_id":null,"category_id":null,"assignee_id":null,"status":null,"priority":null},"user_id":6,"role":"admin"} 
[2025-04-30 12:33:48] TaskManagementApp.DEBUG: Loading view file {"path":"E:\\xampp\\htdocs\\task_management/modules/tasks/index.php"} 
[2025-04-30 12:33:48] TaskManagementApp.INFO: Bootstrap initialized. Logger is active.  
[2025-04-30 12:33:48] TaskManagementApp.INFO: Bootstrap initialized. Logger is active.  
[2025-04-30 12:33:48] TaskManagementApp.INFO: Bootstrap initialized. Logger is active.  
[2025-04-30 12:33:48] TaskManagementApp.INFO: Bootstrap initialized. Logger is active.  
[2025-04-30 12:33:59] TaskManagementApp.INFO: Bootstrap initialized. Logger is active.  
[2025-04-30 12:33:59] TaskManagementApp.INFO: Fetching task list {"filters":{"department_id":null,"category_id":null,"assignee_id":9,"status":null,"priority":null},"user_id":6,"role":"admin"} 
[2025-04-30 12:33:59] TaskManagementApp.DEBUG: Loading view file {"path":"E:\\xampp\\htdocs\\task_management/modules/tasks/index.php"} 
[2025-04-30 12:33:59] TaskManagementApp.INFO: Bootstrap initialized. Logger is active.  
[2025-04-30 12:33:59] TaskManagementApp.INFO: Bootstrap initialized. Logger is active.  
[2025-04-30 12:33:59] TaskManagementApp.INFO: Bootstrap initialized. Logger is active.  
[2025-04-30 12:33:59] TaskManagementApp.INFO: Bootstrap initialized. Logger is active.  
[2025-04-30 12:34:33] TaskManagementApp.INFO: Bootstrap initialized. Logger is active.  
[2025-04-30 12:34:33] TaskManagementApp.INFO: Fetching task list {"filters":{"department_id":null,"category_id":null,"assignee_id":9,"status":null,"priority":null},"user_id":6,"role":"admin"} 
[2025-04-30 12:34:33] TaskManagementApp.DEBUG: Loading view file {"path":"E:\\xampp\\htdocs\\task_management/modules/tasks/index.php"} 
[2025-04-30 12:34:33] TaskManagementApp.INFO: Bootstrap initialized. Logger is active.  
[2025-04-30 12:34:33] TaskManagementApp.INFO: Bootstrap initialized. Logger is active.  
[2025-04-30 12:34:33] TaskManagementApp.INFO: Bootstrap initialized. Logger is active.  
[2025-04-30 12:34:33] TaskManagementApp.INFO: Bootstrap initialized. Logger is active.  
[2025-04-30 12:34:37] TaskManagementApp.INFO: Bootstrap initialized. Logger is active.  
[2025-04-30 12:34:37] TaskManagementApp.DEBUG: Loading view file {"path":"E:\\xampp\\htdocs\\task_management/modules/tasks/create.php"} 
[2025-04-30 12:34:37] TaskManagementApp.INFO: Bootstrap initialized. Logger is active.  
[2025-04-30 12:34:37] TaskManagementApp.INFO: Bootstrap initialized. Logger is active.  
[2025-04-30 12:34:37] TaskManagementApp.INFO: Bootstrap initialized. Logger is active.  
[2025-04-30 12:34:37] TaskManagementApp.INFO: Bootstrap initialized. Logger is active.  
[2025-04-30 12:35:04] TaskManagementApp.INFO: Bootstrap initialized. Logger is active.  
[2025-04-30 12:35:04] TaskManagementApp.INFO: Task created successfully {"task_id":50,"user_id":6} 
[2025-04-30 12:35:04] TaskManagementApp.INFO: Bootstrap initialized. Logger is active.  
[2025-04-30 12:35:04] TaskManagementApp.INFO: Fetching task list {"filters":{"department_id":null,"category_id":null,"assignee_id":null,"status":null,"priority":null},"user_id":6,"role":"admin"} 
[2025-04-30 12:35:04] TaskManagementApp.DEBUG: Loading view file {"path":"E:\\xampp\\htdocs\\task_management/modules/tasks/index.php"} 
[2025-04-30 12:35:04] TaskManagementApp.INFO: Bootstrap initialized. Logger is active.  
[2025-04-30 12:35:04] TaskManagementApp.INFO: Bootstrap initialized. Logger is active.  
[2025-04-30 12:35:04] TaskManagementApp.INFO: Bootstrap initialized. Logger is active.  
[2025-04-30 12:35:04] TaskManagementApp.INFO: Bootstrap initialized. Logger is active.  
[2025-04-30 12:35:09] TaskManagementApp.INFO: Bootstrap initialized. Logger is active.  
[2025-04-30 12:35:09] TaskManagementApp.INFO: Fetching task list {"filters":{"department_id":null,"category_id":null,"assignee_id":10,"status":null,"priority":null},"user_id":6,"role":"admin"} 
[2025-04-30 12:35:09] TaskManagementApp.DEBUG: Loading view file {"path":"E:\\xampp\\htdocs\\task_management/modules/tasks/index.php"} 
[2025-04-30 12:35:09] TaskManagementApp.INFO: Bootstrap initialized. Logger is active.  
[2025-04-30 12:35:09] TaskManagementApp.INFO: Bootstrap initialized. Logger is active.  
[2025-04-30 12:35:09] TaskManagementApp.INFO: Bootstrap initialized. Logger is active.  
[2025-04-30 12:35:09] TaskManagementApp.INFO: Bootstrap initialized. Logger is active.  
[2025-04-30 12:35:21] TaskManagementApp.INFO: Bootstrap initialized. Logger is active.  
[2025-04-30 12:35:21] TaskManagementApp.INFO: Fetching task list {"filters":{"department_id":null,"category_id":null,"assignee_id":null,"status":null,"priority":null},"user_id":6,"role":"admin"} 
[2025-04-30 12:35:21] TaskManagementApp.DEBUG: Loading view file {"path":"E:\\xampp\\htdocs\\task_management/modules/tasks/index.php"} 
[2025-04-30 12:35:21] TaskManagementApp.INFO: Bootstrap initialized. Logger is active.  
[2025-04-30 12:35:21] TaskManagementApp.INFO: Bootstrap initialized. Logger is active.  
[2025-04-30 12:35:21] TaskManagementApp.INFO: Bootstrap initialized. Logger is active.  
[2025-04-30 12:35:21] TaskManagementApp.INFO: Bootstrap initialized. Logger is active.  
[2025-04-30 12:36:13] TaskManagementApp.INFO: Bootstrap initialized. Logger is active.  
[2025-04-30 12:36:13] TaskManagementApp.INFO: Bootstrap initialized. Logger is active.  
[2025-04-30 12:36:13] TaskManagementApp.INFO: Bootstrap initialized. Logger is active.  
[2025-04-30 12:36:13] TaskManagementApp.INFO: Bootstrap initialized. Logger is active.  
[2025-04-30 12:36:13] TaskManagementApp.INFO: Bootstrap initialized. Logger is active.  
[2025-04-30 12:36:19] TaskManagementApp.INFO: Bootstrap initialized. Logger is active.  
[2025-04-30 12:36:19] TaskManagementApp.INFO: Fetching task list {"filters":{"department_id":null,"category_id":null,"assignee_id":null,"status":null,"priority":null},"user_id":6,"role":"admin"} 
[2025-04-30 12:36:19] TaskManagementApp.DEBUG: Loading view file {"path":"E:\\xampp\\htdocs\\task_management/modules/tasks/index.php"} 
[2025-04-30 12:36:19] TaskManagementApp.INFO: Bootstrap initialized. Logger is active.  
[2025-04-30 12:36:19] TaskManagementApp.INFO: Bootstrap initialized. Logger is active.  
[2025-04-30 12:36:19] TaskManagementApp.INFO: Bootstrap initialized. Logger is active.  
[2025-04-30 12:36:19] TaskManagementApp.INFO: Bootstrap initialized. Logger is active.  
[2025-04-30 12:36:24] TaskManagementApp.INFO: Bootstrap initialized. Logger is active.  
[2025-04-30 12:36:24] TaskManagementApp.INFO: Viewing task details {"task_id":48,"user_id":6} 
[2025-04-30 12:36:24] TaskManagementApp.DEBUG: Loading view file {"path":"E:\\xampp\\htdocs\\task_management/modules/tasks/view.php"} 
[2025-04-30 12:36:24] TaskManagementApp.INFO: Bootstrap initialized. Logger is active.  
[2025-04-30 12:36:24] TaskManagementApp.INFO: Bootstrap initialized. Logger is active.  
[2025-04-30 12:36:24] TaskManagementApp.INFO: Bootstrap initialized. Logger is active.  
[2025-04-30 12:36:24] TaskManagementApp.INFO: Bootstrap initialized. Logger is active.  
[2025-04-30 12:36:33] TaskManagementApp.INFO: Bootstrap initialized. Logger is active.  
[2025-04-30 12:36:33] TaskManagementApp.INFO: Bootstrap initialized. Logger is active.  
[2025-04-30 12:37:14] TaskManagementApp.INFO: Bootstrap initialized. Logger is active.  
[2025-04-30 12:37:14] TaskManagementApp.INFO: Fetching task list {"filters":{"department_id":null,"category_id":null,"assignee_id":null,"status":null,"priority":null},"user_id":9,"role":"manager"} 
[2025-04-30 12:37:14] TaskManagementApp.DEBUG: Loading view file {"path":"E:\\xampp\\htdocs\\task_management/modules/tasks/index.php"} 
[2025-04-30 12:37:14] TaskManagementApp.INFO: Bootstrap initialized. Logger is active.  
[2025-04-30 12:37:15] TaskManagementApp.INFO: Bootstrap initialized. Logger is active.  
[2025-04-30 12:37:15] TaskManagementApp.INFO: Fetching task list {"filters":{"department_id":null,"category_id":null,"assignee_id":null,"status":null,"priority":null},"user_id":9,"role":"manager"} 
[2025-04-30 12:37:15] TaskManagementApp.DEBUG: Loading view file {"path":"E:\\xampp\\htdocs\\task_management/modules/tasks/index.php"} 
[2025-04-30 12:37:15] TaskManagementApp.INFO: Bootstrap initialized. Logger is active.  
[2025-04-30 12:43:22] TaskManagementApp.INFO: Bootstrap initialized. Logger is active.  
[2025-04-30 12:43:22] TaskManagementApp.INFO: Bootstrap initialized. Logger is active.  
[2025-04-30 12:43:24] TaskManagementApp.INFO: Bootstrap initialized. Logger is active.  
[2025-04-30 12:43:24] TaskManagementApp.INFO: Bootstrap initialized. Logger is active.  
[2025-04-30 12:43:25] TaskManagementApp.INFO: Bootstrap initialized. Logger is active.  
[2025-04-30 12:43:25] TaskManagementApp.INFO: Bootstrap initialized. Logger is active.  
[2025-04-30 12:45:21] TaskManagementApp.INFO: Bootstrap initialized. Logger is active.  
[2025-04-30 12:45:21] TaskManagementApp.INFO: Fetching task list {"filters":{"department_id":null,"category_id":null,"assignee_id":null,"status":null,"priority":null},"user_id":9,"role":"manager"} 
[2025-04-30 12:45:21] TaskManagementApp.DEBUG: Loading view file {"path":"E:\\xampp\\htdocs\\task_management/modules/tasks/index.php"} 
[2025-04-30 12:45:21] TaskManagementApp.INFO: Bootstrap initialized. Logger is active.  
[2025-04-30 12:45:23] TaskManagementApp.INFO: Bootstrap initialized. Logger is active.  
[2025-04-30 12:45:23] TaskManagementApp.DEBUG: Loading view file {"path":"E:\\xampp\\htdocs\\task_management/modules/tasks/create.php"} 
[2025-04-30 12:45:23] TaskManagementApp.INFO: Bootstrap initialized. Logger is active.  
[2025-04-30 12:45:24] TaskManagementApp.INFO: Bootstrap initialized. Logger is active.  
[2025-04-30 12:45:24] TaskManagementApp.INFO: Fetching task list {"filters":{"department_id":null,"category_id":null,"assignee_id":null,"status":null,"priority":null},"user_id":9,"role":"manager"} 
[2025-04-30 12:45:24] TaskManagementApp.DEBUG: Loading view file {"path":"E:\\xampp\\htdocs\\task_management/modules/tasks/index.php"} 
[2025-04-30 12:45:24] TaskManagementApp.INFO: Bootstrap initialized. Logger is active.  
[2025-04-30 12:45:26] TaskManagementApp.INFO: Bootstrap initialized. Logger is active.  
[2025-04-30 12:45:26] TaskManagementApp.INFO: Bootstrap initialized. Logger is active.  
[2025-04-30 12:46:34] TaskManagementApp.INFO: Bootstrap initialized. Logger is active.  
[2025-04-30 12:46:34] TaskManagementApp.INFO: Bootstrap initialized. Logger is active.  
[2025-04-30 12:46:35] TaskManagementApp.INFO: Bootstrap initialized. Logger is active.  
[2025-04-30 12:46:35] TaskManagementApp.DEBUG: Loading view file {"path":"E:\\xampp\\htdocs\\task_management/modules/tasks/create.php"} 
[2025-04-30 12:46:35] TaskManagementApp.INFO: Bootstrap initialized. Logger is active.  
[2025-04-30 12:46:36] TaskManagementApp.INFO: Bootstrap initialized. Logger is active.  
[2025-04-30 12:46:36] TaskManagementApp.INFO: Fetching task list {"filters":{"department_id":null,"category_id":null,"assignee_id":null,"status":null,"priority":null},"user_id":9,"role":"manager"} 
[2025-04-30 12:46:36] TaskManagementApp.DEBUG: Loading view file {"path":"E:\\xampp\\htdocs\\task_management/modules/tasks/index.php"} 
[2025-04-30 12:46:36] TaskManagementApp.INFO: Bootstrap initialized. Logger is active.  
[2025-04-30 12:46:37] TaskManagementApp.INFO: Bootstrap initialized. Logger is active.  
[2025-04-30 12:46:37] TaskManagementApp.INFO: Bootstrap initialized. Logger is active.  
[2025-04-30 12:46:37] TaskManagementApp.INFO: Bootstrap initialized. Logger is active.  
[2025-04-30 12:46:37] TaskManagementApp.INFO: Bootstrap initialized. Logger is active.  
[2025-04-30 12:46:39] TaskManagementApp.INFO: Bootstrap initialized. Logger is active.  
[2025-04-30 12:46:39] TaskManagementApp.INFO: Bootstrap initialized. Logger is active.  
[2025-04-30 12:46:40] TaskManagementApp.INFO: Bootstrap initialized. Logger is active.  
[2025-04-30 12:46:40] TaskManagementApp.INFO: Fetching task list {"filters":{"department_id":null,"category_id":null,"assignee_id":null,"status":null,"priority":null},"user_id":9,"role":"manager"} 
[2025-04-30 12:46:40] TaskManagementApp.DEBUG: Loading view file {"path":"E:\\xampp\\htdocs\\task_management/modules/tasks/index.php"} 
[2025-04-30 12:46:40] TaskManagementApp.INFO: Bootstrap initialized. Logger is active.  
[2025-04-30 12:46:40] TaskManagementApp.INFO: Bootstrap initialized. Logger is active.  
[2025-04-30 12:46:40] TaskManagementApp.DEBUG: Loading view file {"path":"E:\\xampp\\htdocs\\task_management/modules/tasks/create.php"} 
[2025-04-30 12:46:40] TaskManagementApp.INFO: Bootstrap initialized. Logger is active.  
[2025-04-30 12:46:41] TaskManagementApp.INFO: Bootstrap initialized. Logger is active.  
[2025-04-30 12:46:41] TaskManagementApp.INFO: Bootstrap initialized. Logger is active.  
[2025-04-30 12:54:07] TaskManagementApp.INFO: Bootstrap initialized. Logger is active.  
[2025-04-30 12:54:07] TaskManagementApp.INFO: Bootstrap initialized. Logger is active.  
[2025-04-30 12:54:09] TaskManagementApp.INFO: Bootstrap initialized. Logger is active.  
[2025-04-30 12:54:09] TaskManagementApp.INFO: Viewing task details {"task_id":48,"user_id":6} 
[2025-04-30 12:54:09] TaskManagementApp.DEBUG: Loading view file {"path":"E:\\xampp\\htdocs\\task_management/modules/tasks/view.php"} 
[2025-04-30 12:54:09] TaskManagementApp.INFO: Bootstrap initialized. Logger is active.  
[2025-04-30 12:54:09] TaskManagementApp.INFO: Bootstrap initialized. Logger is active.  
[2025-04-30 12:54:09] TaskManagementApp.INFO: Bootstrap initialized. Logger is active.  
[2025-04-30 12:54:09] TaskManagementApp.INFO: Bootstrap initialized. Logger is active.  
[2025-04-30 12:54:11] TaskManagementApp.INFO: Bootstrap initialized. Logger is active.  
[2025-04-30 12:54:11] TaskManagementApp.INFO: Fetching task list {"filters":{"department_id":null,"category_id":null,"assignee_id":null,"status":null,"priority":null},"user_id":6,"role":"admin"} 
[2025-04-30 12:54:11] TaskManagementApp.DEBUG: Loading view file {"path":"E:\\xampp\\htdocs\\task_management/modules/tasks/index.php"} 
[2025-04-30 12:54:12] TaskManagementApp.INFO: Bootstrap initialized. Logger is active.  
[2025-04-30 12:54:12] TaskManagementApp.INFO: Bootstrap initialized. Logger is active.  
[2025-04-30 12:54:12] TaskManagementApp.INFO: Bootstrap initialized. Logger is active.  
[2025-04-30 12:54:12] TaskManagementApp.INFO: Bootstrap initialized. Logger is active.  
[2025-04-30 12:54:16] TaskManagementApp.INFO: Bootstrap initialized. Logger is active.  
[2025-04-30 12:54:16] TaskManagementApp.DEBUG: Fetched assignable users for create form {"count":4} 
[2025-04-30 12:54:16] TaskManagementApp.DEBUG: Loading view file {"path":"E:\\xampp\\htdocs\\task_management/modules/tasks/create.php"} 
[2025-04-30 12:54:16] TaskManagementApp.INFO: Bootstrap initialized. Logger is active.  
[2025-04-30 12:54:16] TaskManagementApp.INFO: Bootstrap initialized. Logger is active.  
[2025-04-30 12:54:16] TaskManagementApp.INFO: Bootstrap initialized. Logger is active.  
[2025-04-30 12:54:16] TaskManagementApp.INFO: Bootstrap initialized. Logger is active.  
[2025-04-30 12:54:28] TaskManagementApp.INFO: Bootstrap initialized. Logger is active.  
[2025-04-30 12:54:28] TaskManagementApp.DEBUG: Fetched assignable users for create form {"count":4} 
[2025-04-30 12:54:28] TaskManagementApp.DEBUG: Loading view file {"path":"E:\\xampp\\htdocs\\task_management/modules/tasks/create.php"} 
[2025-04-30 12:54:28] TaskManagementApp.INFO: Bootstrap initialized. Logger is active.  
[2025-04-30 12:54:28] TaskManagementApp.INFO: Bootstrap initialized. Logger is active.  
[2025-04-30 12:54:28] TaskManagementApp.INFO: Bootstrap initialized. Logger is active.  
[2025-04-30 12:54:28] TaskManagementApp.INFO: Bootstrap initialized. Logger is active.  
[2025-04-30 12:59:32] TaskManagementApp.INFO: Bootstrap initialized. Logger is active.  
[2025-04-30 12:59:32] TaskManagementApp.DEBUG: Fetched assignable users for create form {"count":4} 
[2025-04-30 12:59:32] TaskManagementApp.DEBUG: Loading view file {"path":"E:\\xampp\\htdocs\\task_management/modules/tasks/create.php"} 
[2025-04-30 12:59:32] TaskManagementApp.INFO: Bootstrap initialized. Logger is active.  
[2025-04-30 12:59:32] TaskManagementApp.INFO: Bootstrap initialized. Logger is active.  
[2025-04-30 12:59:32] TaskManagementApp.INFO: Bootstrap initialized. Logger is active.  
[2025-04-30 12:59:32] TaskManagementApp.INFO: Bootstrap initialized. Logger is active.  
[2025-04-30 12:59:47] TaskManagementApp.INFO: Bootstrap initialized. Logger is active.  
[2025-04-30 12:59:47] TaskManagementApp.INFO: Task created successfully {"task_id":51,"user_id":6,"assignee":"9"} 
[2025-04-30 12:59:47] TaskManagementApp.INFO: Sending notification to specific user {"assignee_id":9,"task_id":51} 
[2025-04-30 12:59:48] TaskManagementApp.INFO: Bootstrap initialized. Logger is active.  
[2025-04-30 12:59:48] TaskManagementApp.INFO: Fetching task list {"filters":{"department_id":null,"category_id":null,"assignee_id":null,"status":null,"priority":null},"user_id":6,"role":"admin"} 
[2025-04-30 12:59:48] TaskManagementApp.DEBUG: Loading view file {"path":"E:\\xampp\\htdocs\\task_management/modules/tasks/index.php"} 
[2025-04-30 12:59:48] TaskManagementApp.INFO: Bootstrap initialized. Logger is active.  
[2025-04-30 12:59:48] TaskManagementApp.INFO: Bootstrap initialized. Logger is active.  
[2025-04-30 12:59:48] TaskManagementApp.INFO: Bootstrap initialized. Logger is active.  
[2025-04-30 12:59:49] TaskManagementApp.INFO: Bootstrap initialized. Logger is active.  
[2025-04-30 13:00:03] TaskManagementApp.INFO: Bootstrap initialized. Logger is active.  
[2025-04-30 13:00:03] TaskManagementApp.INFO: Fetching task list {"filters":{"department_id":null,"category_id":null,"assignee_id":9,"status":null,"priority":null},"user_id":6,"role":"admin"} 
[2025-04-30 13:00:03] TaskManagementApp.DEBUG: Loading view file {"path":"E:\\xampp\\htdocs\\task_management/modules/tasks/index.php"} 
[2025-04-30 13:00:03] TaskManagementApp.INFO: Bootstrap initialized. Logger is active.  
[2025-04-30 13:00:03] TaskManagementApp.INFO: Bootstrap initialized. Logger is active.  
[2025-04-30 13:00:03] TaskManagementApp.INFO: Bootstrap initialized. Logger is active.  
[2025-04-30 13:00:20] TaskManagementApp.INFO: Bootstrap initialized. Logger is active.  
[2025-04-30 13:00:20] TaskManagementApp.INFO: Viewing task details {"task_id":51,"user_id":9} 
[2025-04-30 13:00:20] TaskManagementApp.DEBUG: Loading view file {"path":"E:\\xampp\\htdocs\\task_management/modules/tasks/view.php"} 
[2025-04-30 13:00:20] TaskManagementApp.INFO: Bootstrap initialized. Logger is active.  
[2025-04-30 13:00:40] TaskManagementApp.INFO: Bootstrap initialized. Logger is active.  
[2025-04-30 13:00:40] TaskManagementApp.INFO: Bootstrap initialized. Logger is active.  
[2025-04-30 13:01:49] TaskManagementApp.INFO: Bootstrap initialized. Logger is active.  
[2025-04-30 13:01:49] TaskManagementApp.DEBUG: Fetched assignable users for create form {"count":4} 
[2025-04-30 13:01:49] TaskManagementApp.DEBUG: Loading view file {"path":"E:\\xampp\\htdocs\\task_management/modules/tasks/create.php"} 
[2025-04-30 13:01:49] TaskManagementApp.INFO: Bootstrap initialized. Logger is active.  
[2025-04-30 13:01:49] TaskManagementApp.INFO: Bootstrap initialized. Logger is active.  
[2025-04-30 13:01:49] TaskManagementApp.INFO: Bootstrap initialized. Logger is active.  
[2025-04-30 13:01:49] TaskManagementApp.INFO: Bootstrap initialized. Logger is active.  
[2025-04-30 13:02:19] TaskManagementApp.INFO: Bootstrap initialized. Logger is active.  
[2025-04-30 13:02:19] TaskManagementApp.DEBUG: Assignee set to "everyone"  
[2025-04-30 13:02:19] TaskManagementApp.INFO: Task created successfully {"task_id":52,"user_id":6,"assignee":"everyone"} 
[2025-04-30 13:02:19] TaskManagementApp.INFO: Sending notification to "everyone" {"user_count":4,"task_id":52} 
[2025-04-30 13:02:21] TaskManagementApp.INFO: Bootstrap initialized. Logger is active.  
[2025-04-30 13:02:21] TaskManagementApp.INFO: Fetching task list {"filters":{"department_id":null,"category_id":null,"assignee_id":null,"status":null,"priority":null},"user_id":6,"role":"admin"} 
[2025-04-30 13:02:21] TaskManagementApp.DEBUG: Loading view file {"path":"E:\\xampp\\htdocs\\task_management/modules/tasks/index.php"} 
[2025-04-30 13:02:21] TaskManagementApp.INFO: Bootstrap initialized. Logger is active.  
[2025-04-30 13:02:21] TaskManagementApp.INFO: Bootstrap initialized. Logger is active.  
[2025-04-30 13:02:21] TaskManagementApp.INFO: Bootstrap initialized. Logger is active.  
[2025-04-30 13:02:21] TaskManagementApp.INFO: Bootstrap initialized. Logger is active.  
[2025-04-30 13:02:54] TaskManagementApp.INFO: Bootstrap initialized. Logger is active.  
[2025-04-30 13:02:54] TaskManagementApp.INFO: Fetching task list {"filters":{"department_id":null,"category_id":null,"assignee_id":9,"status":null,"priority":null},"user_id":6,"role":"admin"} 
[2025-04-30 13:02:54] TaskManagementApp.DEBUG: Loading view file {"path":"E:\\xampp\\htdocs\\task_management/modules/tasks/index.php"} 
[2025-04-30 13:02:54] TaskManagementApp.INFO: Bootstrap initialized. Logger is active.  
[2025-04-30 13:02:54] TaskManagementApp.INFO: Bootstrap initialized. Logger is active.  
[2025-04-30 13:02:54] TaskManagementApp.INFO: Bootstrap initialized. Logger is active.  
[2025-04-30 13:02:54] TaskManagementApp.INFO: Bootstrap initialized. Logger is active.  
[2025-04-30 13:03:04] TaskManagementApp.INFO: Bootstrap initialized. Logger is active.  
[2025-04-30 13:03:04] TaskManagementApp.INFO: Viewing task details {"task_id":51,"user_id":9} 
[2025-04-30 13:03:04] TaskManagementApp.DEBUG: Loading view file {"path":"E:\\xampp\\htdocs\\task_management/modules/tasks/view.php"} 
[2025-04-30 13:03:04] TaskManagementApp.INFO: Bootstrap initialized. Logger is active.  
[2025-04-30 13:03:06] TaskManagementApp.INFO: Bootstrap initialized. Logger is active.  
[2025-04-30 13:03:06] TaskManagementApp.INFO: Fetching task list {"filters":{"department_id":null,"category_id":null,"assignee_id":null,"status":null,"priority":null},"user_id":9,"role":"manager"} 
[2025-04-30 13:03:06] TaskManagementApp.DEBUG: Loading view file {"path":"E:\\xampp\\htdocs\\task_management/modules/tasks/index.php"} 
[2025-04-30 13:03:06] TaskManagementApp.INFO: Bootstrap initialized. Logger is active.  
[2025-04-30 13:07:03] TaskManagementApp.INFO: Bootstrap initialized. Logger is active.  
[2025-04-30 13:07:03] TaskManagementApp.INFO: Fetching task list {"filters":{"department_id":null,"category_id":null,"assignee_id":9,"status":null,"priority":null},"user_id":6,"role":"admin"} 
[2025-04-30 13:07:03] TaskManagementApp.DEBUG: Loading view file {"path":"E:\\xampp\\htdocs\\task_management/modules/tasks/index.php"} 
[2025-04-30 13:07:03] TaskManagementApp.INFO: Bootstrap initialized. Logger is active.  
[2025-04-30 13:07:03] TaskManagementApp.INFO: Bootstrap initialized. Logger is active.  
[2025-04-30 13:07:03] TaskManagementApp.INFO: Bootstrap initialized. Logger is active.  
[2025-04-30 13:07:03] TaskManagementApp.INFO: Bootstrap initialized. Logger is active.  
[2025-04-30 13:08:09] TaskManagementApp.INFO: Bootstrap initialized. Logger is active.  
[2025-04-30 13:08:09] TaskManagementApp.INFO: Fetching task list {"filters":{"department_id":null,"category_id":null,"assignee_id":9,"status":null,"priority":null},"user_id":6,"role":"admin"} 
[2025-04-30 13:08:09] TaskManagementApp.DEBUG: Loading view file {"path":"E:\\xampp\\htdocs\\task_management/modules/tasks/index.php"} 
[2025-04-30 13:08:09] TaskManagementApp.INFO: Bootstrap initialized. Logger is active.  
[2025-04-30 13:08:09] TaskManagementApp.INFO: Bootstrap initialized. Logger is active.  
[2025-04-30 13:08:09] TaskManagementApp.INFO: Bootstrap initialized. Logger is active.  
[2025-04-30 13:08:10] TaskManagementApp.INFO: Bootstrap initialized. Logger is active.  
[2025-04-30 13:08:27] TaskManagementApp.INFO: Bootstrap initialized. Logger is active.  
[2025-04-30 13:08:27] TaskManagementApp.INFO: Fetching task list {"filters":{"department_id":null,"category_id":null,"assignee_id":7,"status":null,"priority":null},"user_id":6,"role":"admin"} 
[2025-04-30 13:08:27] TaskManagementApp.DEBUG: Loading view file {"path":"E:\\xampp\\htdocs\\task_management/modules/tasks/index.php"} 
[2025-04-30 13:08:27] TaskManagementApp.INFO: Bootstrap initialized. Logger is active.  
[2025-04-30 13:08:27] TaskManagementApp.INFO: Bootstrap initialized. Logger is active.  
[2025-04-30 13:08:27] TaskManagementApp.INFO: Bootstrap initialized. Logger is active.  
[2025-04-30 13:08:27] TaskManagementApp.INFO: Bootstrap initialized. Logger is active.  
[2025-04-30 13:08:38] TaskManagementApp.INFO: Bootstrap initialized. Logger is active.  
[2025-04-30 13:08:38] TaskManagementApp.INFO: Fetching task list {"filters":{"department_id":null,"category_id":null,"assignee_id":null,"status":null,"priority":null},"user_id":6,"role":"admin"} 
[2025-04-30 13:08:38] TaskManagementApp.DEBUG: Loading view file {"path":"E:\\xampp\\htdocs\\task_management/modules/tasks/index.php"} 
[2025-04-30 13:08:38] TaskManagementApp.INFO: Bootstrap initialized. Logger is active.  
[2025-04-30 13:08:38] TaskManagementApp.INFO: Bootstrap initialized. Logger is active.  
[2025-04-30 13:08:38] TaskManagementApp.INFO: Bootstrap initialized. Logger is active.  
[2025-04-30 13:08:38] TaskManagementApp.INFO: Bootstrap initialized. Logger is active.  
[2025-04-30 13:10:04] TaskManagementApp.INFO: Bootstrap initialized. Logger is active.  
[2025-04-30 13:10:04] TaskManagementApp.INFO: Fetching task list {"filters":{"department_id":null,"category_id":null,"assignee_id":null,"status":null,"priority":null},"user_id":6,"role":"admin"} 
[2025-04-30 13:10:04] TaskManagementApp.DEBUG: Loading view file {"path":"E:\\xampp\\htdocs\\task_management/modules/tasks/index.php"} 
[2025-04-30 13:10:04] TaskManagementApp.INFO: Bootstrap initialized. Logger is active.  
[2025-04-30 13:10:04] TaskManagementApp.INFO: Bootstrap initialized. Logger is active.  
[2025-04-30 13:10:04] TaskManagementApp.INFO: Bootstrap initialized. Logger is active.  
[2025-04-30 13:10:04] TaskManagementApp.INFO: Bootstrap initialized. Logger is active.  
[2025-04-30 13:16:53] TaskManagementApp.INFO: Bootstrap initialized. Logger is active.  
[2025-04-30 13:16:53] TaskManagementApp.INFO: Bootstrap initialized. Logger is active.  
[2025-04-30 13:16:55] TaskManagementApp.INFO: Bootstrap initialized. Logger is active.  
[2025-04-30 13:16:55] TaskManagementApp.INFO: Fetching task list {"filters":{"department_id":null,"category_id":null,"assignee_id":null,"status":null,"priority":null},"user_id":6,"role":"admin"} 
[2025-04-30 13:16:55] TaskManagementApp.DEBUG: Loading view file {"path":"E:\\xampp\\htdocs\\task_management/modules/tasks/index.php"} 
[2025-04-30 13:16:55] TaskManagementApp.INFO: Bootstrap initialized. Logger is active.  
[2025-04-30 13:16:55] TaskManagementApp.INFO: Bootstrap initialized. Logger is active.  
[2025-04-30 13:16:55] TaskManagementApp.INFO: Bootstrap initialized. Logger is active.  
[2025-04-30 13:16:55] TaskManagementApp.INFO: Bootstrap initialized. Logger is active.  
[2025-04-30 13:22:20] TaskManagementApp.INFO: Bootstrap initialized. Logger is active.  
[2025-04-30 13:22:20] TaskManagementApp.INFO: Fetching task list {"filters":{"department_id":null,"category_id":null,"assignee_id":null,"status":null,"priority":null},"user_id":6,"role":"admin"} 
[2025-04-30 13:22:20] TaskManagementApp.DEBUG: Loading view file {"path":"E:\\xampp\\htdocs\\task_management/modules/tasks/index.php"} 
[2025-04-30 13:22:20] TaskManagementApp.INFO: Bootstrap initialized. Logger is active.  
[2025-04-30 13:22:20] TaskManagementApp.INFO: Bootstrap initialized. Logger is active.  
[2025-04-30 13:22:20] TaskManagementApp.INFO: Bootstrap initialized. Logger is active.  
[2025-04-30 13:22:20] TaskManagementApp.INFO: Bootstrap initialized. Logger is active.  
[2025-04-30 13:29:36] TaskManagementApp.INFO: Bootstrap initialized. Logger is active.  
[2025-04-30 13:29:36] TaskManagementApp.INFO: Fetching task list {"filters":{"department_id":null,"category_id":null,"assignee_id":null,"status":null,"priority":null},"user_id":6,"role":"admin"} 
[2025-04-30 13:29:36] TaskManagementApp.DEBUG: Loading view file {"path":"E:\\xampp\\htdocs\\task_management/modules/tasks/index.php"} 
[2025-04-30 13:29:36] TaskManagementApp.INFO: Bootstrap initialized. Logger is active.  
[2025-04-30 13:29:36] TaskManagementApp.INFO: Bootstrap initialized. Logger is active.  
[2025-04-30 13:29:36] TaskManagementApp.INFO: Bootstrap initialized. Logger is active.  
[2025-04-30 13:29:36] TaskManagementApp.INFO: Bootstrap initialized. Logger is active.  
[2025-04-30 13:32:05] TaskManagementApp.INFO: Bootstrap initialized. Logger is active.  
[2025-04-30 13:32:05] TaskManagementApp.DEBUG: Fetched assignable users for create form {"count":4} 
[2025-04-30 13:32:05] TaskManagementApp.DEBUG: Loading view file {"path":"E:\\xampp\\htdocs\\task_management/modules/tasks/create.php"} 
[2025-04-30 13:32:05] TaskManagementApp.INFO: Bootstrap initialized. Logger is active.  
[2025-04-30 13:32:05] TaskManagementApp.INFO: Bootstrap initialized. Logger is active.  
[2025-04-30 13:32:05] TaskManagementApp.INFO: Bootstrap initialized. Logger is active.  
[2025-04-30 13:32:05] TaskManagementApp.INFO: Bootstrap initialized. Logger is active.  
[2025-04-30 13:33:12] TaskManagementApp.INFO: Bootstrap initialized. Logger is active.  
[2025-04-30 13:33:12] TaskManagementApp.DEBUG: Assignee set to "everyone"  
[2025-04-30 13:33:12] TaskManagementApp.INFO: Task created successfully {"task_id":53,"user_id":6,"assignee":"everyone"} 
[2025-04-30 13:33:12] TaskManagementApp.INFO: Sending notification to "everyone" {"user_count":4,"task_id":53} 
[2025-04-30 13:33:14] TaskManagementApp.INFO: Bootstrap initialized. Logger is active.  
[2025-04-30 13:33:14] TaskManagementApp.INFO: Fetching task list {"filters":{"department_id":null,"category_id":null,"assignee_id":null,"status":null,"priority":null},"user_id":6,"role":"admin"} 
[2025-04-30 13:33:14] TaskManagementApp.DEBUG: Loading view file {"path":"E:\\xampp\\htdocs\\task_management/modules/tasks/index.php"} 
[2025-04-30 13:33:14] TaskManagementApp.INFO: Bootstrap initialized. Logger is active.  
[2025-04-30 13:33:14] TaskManagementApp.INFO: Bootstrap initialized. Logger is active.  
[2025-04-30 13:33:14] TaskManagementApp.INFO: Bootstrap initialized. Logger is active.  
[2025-04-30 13:33:14] TaskManagementApp.INFO: Bootstrap initialized. Logger is active.  
[2025-04-30 13:34:31] TaskManagementApp.INFO: Bootstrap initialized. Logger is active.  
[2025-04-30 13:34:31] TaskManagementApp.INFO: Fetching task list {"filters":{"department_id":null,"category_id":null,"assignee_id":null,"status":null,"priority":null},"user_id":6,"role":"admin"} 
[2025-04-30 13:34:31] TaskManagementApp.DEBUG: Loading view file {"path":"E:\\xampp\\htdocs\\task_management/modules/tasks/index.php"} 
[2025-04-30 13:34:31] TaskManagementApp.INFO: Bootstrap initialized. Logger is active.  
[2025-04-30 13:34:31] TaskManagementApp.INFO: Bootstrap initialized. Logger is active.  
[2025-04-30 13:34:31] TaskManagementApp.INFO: Bootstrap initialized. Logger is active.  
[2025-04-30 13:34:31] TaskManagementApp.INFO: Bootstrap initialized. Logger is active.  
[2025-04-30 13:35:29] TaskManagementApp.INFO: Bootstrap initialized. Logger is active.  
[2025-04-30 13:35:29] TaskManagementApp.INFO: Fetching task list {"filters":{"department_id":null,"category_id":null,"assignee_id":null,"status":null,"priority":null},"user_id":6,"role":"admin"} 
[2025-04-30 13:35:29] TaskManagementApp.DEBUG: Loading view file {"path":"E:\\xampp\\htdocs\\task_management/modules/tasks/index.php"} 
[2025-04-30 13:35:29] TaskManagementApp.INFO: Bootstrap initialized. Logger is active.  
[2025-04-30 13:35:29] TaskManagementApp.INFO: Bootstrap initialized. Logger is active.  
[2025-04-30 13:35:29] TaskManagementApp.INFO: Bootstrap initialized. Logger is active.  
[2025-04-30 13:35:29] TaskManagementApp.INFO: Bootstrap initialized. Logger is active.  
[2025-04-30 13:35:32] TaskManagementApp.INFO: Bootstrap initialized. Logger is active.  
[2025-04-30 13:35:32] TaskManagementApp.DEBUG: Fetched assignable users for create form {"count":4} 
[2025-04-30 13:35:32] TaskManagementApp.DEBUG: Loading view file {"path":"E:\\xampp\\htdocs\\task_management/modules/tasks/create.php"} 
[2025-04-30 13:35:32] TaskManagementApp.INFO: Bootstrap initialized. Logger is active.  
[2025-04-30 13:35:32] TaskManagementApp.INFO: Bootstrap initialized. Logger is active.  
[2025-04-30 13:35:32] TaskManagementApp.INFO: Bootstrap initialized. Logger is active.  
[2025-04-30 13:35:32] TaskManagementApp.INFO: Bootstrap initialized. Logger is active.  
[2025-04-30 13:35:33] TaskManagementApp.INFO: Bootstrap initialized. Logger is active.  
[2025-04-30 13:35:33] TaskManagementApp.INFO: Fetching task list {"filters":{"department_id":null,"category_id":null,"assignee_id":null,"status":null,"priority":null},"user_id":6,"role":"admin"} 
[2025-04-30 13:35:33] TaskManagementApp.DEBUG: Loading view file {"path":"E:\\xampp\\htdocs\\task_management/modules/tasks/index.php"} 
[2025-04-30 13:35:33] TaskManagementApp.INFO: Bootstrap initialized. Logger is active.  
[2025-04-30 13:35:33] TaskManagementApp.INFO: Bootstrap initialized. Logger is active.  
[2025-04-30 13:35:33] TaskManagementApp.INFO: Bootstrap initialized. Logger is active.  
[2025-04-30 13:35:33] TaskManagementApp.INFO: Bootstrap initialized. Logger is active.  
[2025-04-30 13:37:54] TaskManagementApp.INFO: Bootstrap initialized. Logger is active.  
[2025-04-30 13:37:54] TaskManagementApp.INFO: Fetching task list {"filters":{"department_id":null,"category_id":null,"assignee_id":null,"status":null,"priority":null},"user_id":6,"role":"admin"} 
[2025-04-30 13:37:54] TaskManagementApp.DEBUG: Loading view file {"path":"E:\\xampp\\htdocs\\task_management/modules/tasks/index.php"} 
[2025-04-30 13:37:54] TaskManagementApp.INFO: Bootstrap initialized. Logger is active.  
[2025-04-30 13:37:54] TaskManagementApp.INFO: Bootstrap initialized. Logger is active.  
[2025-04-30 13:37:54] TaskManagementApp.INFO: Bootstrap initialized. Logger is active.  
[2025-04-30 13:37:54] TaskManagementApp.INFO: Bootstrap initialized. Logger is active.  
[2025-04-30 13:37:58] TaskManagementApp.INFO: Bootstrap initialized. Logger is active.  
[2025-04-30 13:37:58] TaskManagementApp.INFO: Fetching task list {"filters":{"department_id":null,"category_id":null,"assignee_id":null,"status":null,"priority":null},"user_id":6,"role":"admin"} 
[2025-04-30 13:37:58] TaskManagementApp.DEBUG: Loading view file {"path":"E:\\xampp\\htdocs\\task_management/modules/tasks/index.php"} 
[2025-04-30 13:37:58] TaskManagementApp.INFO: Bootstrap initialized. Logger is active.  
[2025-04-30 13:37:58] TaskManagementApp.INFO: Bootstrap initialized. Logger is active.  
[2025-04-30 13:37:58] TaskManagementApp.INFO: Bootstrap initialized. Logger is active.  
[2025-04-30 13:37:58] TaskManagementApp.INFO: Bootstrap initialized. Logger is active.  
[2025-04-30 13:38:01] TaskManagementApp.INFO: Bootstrap initialized. Logger is active.  
[2025-04-30 13:38:01] TaskManagementApp.INFO: Fetching task list {"filters":{"department_id":null,"category_id":null,"assignee_id":null,"status":null,"priority":null},"user_id":6,"role":"admin"} 
[2025-04-30 13:38:01] TaskManagementApp.DEBUG: Loading view file {"path":"E:\\xampp\\htdocs\\task_management/modules/tasks/index.php"} 
[2025-04-30 13:38:01] TaskManagementApp.INFO: Bootstrap initialized. Logger is active.  
[2025-04-30 13:38:01] TaskManagementApp.INFO: Bootstrap initialized. Logger is active.  
[2025-04-30 13:38:01] TaskManagementApp.INFO: Bootstrap initialized. Logger is active.  
[2025-04-30 13:38:03] TaskManagementApp.INFO: Bootstrap initialized. Logger is active.  
[2025-04-30 13:38:03] TaskManagementApp.INFO: Fetching task list {"filters":{"department_id":null,"category_id":null,"assignee_id":null,"status":null,"priority":null},"user_id":6,"role":"admin"} 
[2025-04-30 13:38:03] TaskManagementApp.DEBUG: Loading view file {"path":"E:\\xampp\\htdocs\\task_management/modules/tasks/index.php"} 
[2025-04-30 13:38:03] TaskManagementApp.INFO: Bootstrap initialized. Logger is active.  
[2025-04-30 13:38:03] TaskManagementApp.INFO: Bootstrap initialized. Logger is active.  
[2025-04-30 13:38:03] TaskManagementApp.INFO: Bootstrap initialized. Logger is active.  
[2025-04-30 13:38:03] TaskManagementApp.INFO: Bootstrap initialized. Logger is active.  
[2025-04-30 13:38:08] TaskManagementApp.INFO: Bootstrap initialized. Logger is active.  
[2025-04-30 13:38:08] TaskManagementApp.INFO: Fetching task list {"filters":{"department_id":null,"category_id":null,"assignee_id":8,"status":null,"priority":null},"user_id":6,"role":"admin"} 
[2025-04-30 13:38:08] TaskManagementApp.DEBUG: Loading view file {"path":"E:\\xampp\\htdocs\\task_management/modules/tasks/index.php"} 
[2025-04-30 13:38:08] TaskManagementApp.INFO: Bootstrap initialized. Logger is active.  
[2025-04-30 13:38:08] TaskManagementApp.INFO: Bootstrap initialized. Logger is active.  
[2025-04-30 13:38:08] TaskManagementApp.INFO: Bootstrap initialized. Logger is active.  
[2025-04-30 13:38:08] TaskManagementApp.INFO: Bootstrap initialized. Logger is active.  
[2025-04-30 13:38:13] TaskManagementApp.INFO: Bootstrap initialized. Logger is active.  
[2025-04-30 13:38:13] TaskManagementApp.INFO: Fetching task list {"filters":{"department_id":null,"category_id":null,"assignee_id":9,"status":null,"priority":null},"user_id":6,"role":"admin"} 
[2025-04-30 13:38:13] TaskManagementApp.DEBUG: Loading view file {"path":"E:\\xampp\\htdocs\\task_management/modules/tasks/index.php"} 
[2025-04-30 13:38:14] TaskManagementApp.INFO: Bootstrap initialized. Logger is active.  
[2025-04-30 13:38:14] TaskManagementApp.INFO: Bootstrap initialized. Logger is active.  
[2025-04-30 13:38:14] TaskManagementApp.INFO: Bootstrap initialized. Logger is active.  
[2025-04-30 13:38:14] TaskManagementApp.INFO: Bootstrap initialized. Logger is active.  
[2025-04-30 13:38:18] TaskManagementApp.INFO: Bootstrap initialized. Logger is active.  
[2025-04-30 13:38:18] TaskManagementApp.INFO: Fetching task list {"filters":{"department_id":null,"category_id":null,"assignee_id":7,"status":null,"priority":null},"user_id":6,"role":"admin"} 
[2025-04-30 13:38:18] TaskManagementApp.DEBUG: Loading view file {"path":"E:\\xampp\\htdocs\\task_management/modules/tasks/index.php"} 
[2025-04-30 13:38:18] TaskManagementApp.INFO: Bootstrap initialized. Logger is active.  
[2025-04-30 13:38:18] TaskManagementApp.INFO: Bootstrap initialized. Logger is active.  
[2025-04-30 13:38:18] TaskManagementApp.INFO: Bootstrap initialized. Logger is active.  
[2025-04-30 13:38:18] TaskManagementApp.INFO: Bootstrap initialized. Logger is active.  
[2025-04-30 13:38:21] TaskManagementApp.INFO: Bootstrap initialized. Logger is active.  
[2025-04-30 13:38:21] TaskManagementApp.INFO: Fetching task list {"filters":{"department_id":null,"category_id":null,"assignee_id":null,"status":null,"priority":null},"user_id":6,"role":"admin"} 
[2025-04-30 13:38:21] TaskManagementApp.DEBUG: Loading view file {"path":"E:\\xampp\\htdocs\\task_management/modules/tasks/index.php"} 
[2025-04-30 13:38:21] TaskManagementApp.INFO: Bootstrap initialized. Logger is active.  
[2025-04-30 13:38:21] TaskManagementApp.INFO: Bootstrap initialized. Logger is active.  
[2025-04-30 13:38:21] TaskManagementApp.INFO: Bootstrap initialized. Logger is active.  
[2025-04-30 13:38:21] TaskManagementApp.INFO: Bootstrap initialized. Logger is active.  
[2025-04-30 13:38:25] TaskManagementApp.INFO: Bootstrap initialized. Logger is active.  
[2025-04-30 13:38:25] TaskManagementApp.DEBUG: Fetched assignable users for create form {"count":4} 
[2025-04-30 13:38:25] TaskManagementApp.DEBUG: Loading view file {"path":"E:\\xampp\\htdocs\\task_management/modules/tasks/create.php"} 
[2025-04-30 13:38:25] TaskManagementApp.INFO: Bootstrap initialized. Logger is active.  
[2025-04-30 13:38:25] TaskManagementApp.INFO: Bootstrap initialized. Logger is active.  
[2025-04-30 13:38:26] TaskManagementApp.INFO: Bootstrap initialized. Logger is active.  
[2025-04-30 13:38:26] TaskManagementApp.INFO: Bootstrap initialized. Logger is active.  
[2025-04-30 13:38:49] TaskManagementApp.INFO: Bootstrap initialized. Logger is active.  
[2025-04-30 13:38:49] TaskManagementApp.INFO: Task created successfully {"task_id":54,"user_id":6,"assignee":"9"} 
[2025-04-30 13:38:49] TaskManagementApp.INFO: Sending notification to specific user {"assignee_id":9,"task_id":54} 
[2025-04-30 13:38:50] TaskManagementApp.INFO: Bootstrap initialized. Logger is active.  
[2025-04-30 13:38:51] TaskManagementApp.INFO: Fetching task list {"filters":{"department_id":null,"category_id":null,"assignee_id":null,"status":null,"priority":null},"user_id":6,"role":"admin"} 
[2025-04-30 13:38:51] TaskManagementApp.DEBUG: Loading view file {"path":"E:\\xampp\\htdocs\\task_management/modules/tasks/index.php"} 
[2025-04-30 13:38:51] TaskManagementApp.INFO: Bootstrap initialized. Logger is active.  
[2025-04-30 13:38:51] TaskManagementApp.INFO: Bootstrap initialized. Logger is active.  
[2025-04-30 13:38:51] TaskManagementApp.INFO: Bootstrap initialized. Logger is active.  
[2025-04-30 13:38:51] TaskManagementApp.INFO: Bootstrap initialized. Logger is active.  
[2025-04-30 13:39:04] TaskManagementApp.INFO: Bootstrap initialized. Logger is active.  
[2025-04-30 13:39:04] TaskManagementApp.INFO: Viewing task details {"task_id":54,"user_id":6} 
[2025-04-30 13:39:04] TaskManagementApp.DEBUG: Loading view file {"path":"E:\\xampp\\htdocs\\task_management/modules/tasks/view.php"} 
[2025-04-30 13:39:04] TaskManagementApp.INFO: Bootstrap initialized. Logger is active.  
[2025-04-30 13:39:04] TaskManagementApp.INFO: Bootstrap initialized. Logger is active.  
[2025-04-30 13:39:04] TaskManagementApp.INFO: Bootstrap initialized. Logger is active.  
[2025-04-30 13:39:04] TaskManagementApp.INFO: Bootstrap initialized. Logger is active.  
[2025-04-30 13:39:34] TaskManagementApp.INFO: Bootstrap initialized. Logger is active.  
[2025-04-30 13:39:34] TaskManagementApp.INFO: Bootstrap initialized. Logger is active.  
[2025-04-30 14:01:53] TaskManagementApp.INFO: Bootstrap initialized. Logger is active.  
[2025-04-30 14:01:53] TaskManagementApp.INFO: Bootstrap initialized. Logger is active.  
[2025-04-30 14:01:55] TaskManagementApp.INFO: Bootstrap initialized. Logger is active.  
[2025-04-30 14:01:55] TaskManagementApp.INFO: Bootstrap initialized. Logger is active.  
[2025-04-30 14:01:55] TaskManagementApp.INFO: Bootstrap initialized. Logger is active.  
[2025-04-30 14:01:55] TaskManagementApp.INFO: Bootstrap initialized. Logger is active.  
[2025-04-30 14:01:55] TaskManagementApp.INFO: Bootstrap initialized. Logger is active.  
[2025-04-30 14:01:58] TaskManagementApp.INFO: Bootstrap initialized. Logger is active.  
[2025-04-30 14:01:58] TaskManagementApp.DEBUG: Fetched assignable users for create form {"count":4} 
[2025-04-30 14:01:58] TaskManagementApp.DEBUG: Loading view file {"path":"E:\\xampp\\htdocs\\task_management/modules/tasks/create.php"} 
[2025-04-30 14:01:58] TaskManagementApp.INFO: Bootstrap initialized. Logger is active.  
[2025-04-30 14:01:58] TaskManagementApp.INFO: Bootstrap initialized. Logger is active.  
[2025-04-30 14:01:58] TaskManagementApp.INFO: Bootstrap initialized. Logger is active.  
[2025-04-30 14:01:58] TaskManagementApp.INFO: Bootstrap initialized. Logger is active.  
[2025-04-30 14:01:59] TaskManagementApp.INFO: Bootstrap initialized. Logger is active.  
[2025-04-30 14:01:59] TaskManagementApp.INFO: Fetching task list {"filters":{"department_id":null,"category_id":null,"assignee_id":null,"status":null,"priority":null},"user_id":6,"role":"admin"} 
[2025-04-30 14:01:59] TaskManagementApp.DEBUG: Loading view file {"path":"E:\\xampp\\htdocs\\task_management/modules/tasks/index.php"} 
[2025-04-30 14:01:59] TaskManagementApp.INFO: Bootstrap initialized. Logger is active.  
[2025-04-30 14:01:59] TaskManagementApp.INFO: Bootstrap initialized. Logger is active.  
[2025-04-30 14:01:59] TaskManagementApp.INFO: Bootstrap initialized. Logger is active.  
[2025-04-30 14:01:59] TaskManagementApp.INFO: Bootstrap initialized. Logger is active.  
[2025-04-30 14:02:01] TaskManagementApp.INFO: Bootstrap initialized. Logger is active.  
[2025-04-30 14:02:01] TaskManagementApp.INFO: Viewing task details {"task_id":54,"user_id":6} 
[2025-04-30 14:02:01] TaskManagementApp.DEBUG: Loading view file {"path":"E:\\xampp\\htdocs\\task_management/modules/tasks/view.php"} 
[2025-04-30 14:02:01] TaskManagementApp.INFO: Bootstrap initialized. Logger is active.  
[2025-04-30 14:02:01] TaskManagementApp.INFO: Bootstrap initialized. Logger is active.  
[2025-04-30 14:02:01] TaskManagementApp.INFO: Bootstrap initialized. Logger is active.  
[2025-04-30 14:02:01] TaskManagementApp.INFO: Bootstrap initialized. Logger is active.  
[2025-04-30 14:02:07] TaskManagementApp.INFO: Bootstrap initialized. Logger is active.  
[2025-04-30 14:02:07] TaskManagementApp.INFO: Bootstrap initialized. Logger is active.  
[2025-04-30 14:02:29] TaskManagementApp.INFO: Bootstrap initialized. Logger is active.  
[2025-04-30 14:02:29] TaskManagementApp.INFO: Bootstrap initialized. Logger is active.  
[2025-04-30 14:02:31] TaskManagementApp.INFO: Bootstrap initialized. Logger is active.  
[2025-04-30 14:02:31] TaskManagementApp.INFO: Bootstrap initialized. Logger is active.  
[2025-04-30 14:02:31] TaskManagementApp.INFO: Bootstrap initialized. Logger is active.  
[2025-04-30 14:02:31] TaskManagementApp.INFO: Bootstrap initialized. Logger is active.  
[2025-04-30 14:02:31] TaskManagementApp.INFO: Bootstrap initialized. Logger is active.  
[2025-04-30 14:02:34] TaskManagementApp.INFO: Bootstrap initialized. Logger is active.  
[2025-04-30 14:02:34] TaskManagementApp.INFO: Fetching task list {"filters":{"department_id":null,"category_id":null,"assignee_id":null,"status":null,"priority":null},"user_id":6,"role":"admin"} 
[2025-04-30 14:02:34] TaskManagementApp.DEBUG: Loading view file {"path":"E:\\xampp\\htdocs\\task_management/modules/tasks/index.php"} 
[2025-04-30 14:02:34] TaskManagementApp.INFO: Bootstrap initialized. Logger is active.  
[2025-04-30 14:02:34] TaskManagementApp.INFO: Bootstrap initialized. Logger is active.  
[2025-04-30 14:02:34] TaskManagementApp.INFO: Bootstrap initialized. Logger is active.  
[2025-04-30 14:02:34] TaskManagementApp.INFO: Bootstrap initialized. Logger is active.  
[2025-04-30 14:02:39] TaskManagementApp.INFO: Bootstrap initialized. Logger is active.  
[2025-04-30 14:02:39] TaskManagementApp.INFO: Viewing task details {"task_id":54,"user_id":6} 
[2025-04-30 14:02:39] TaskManagementApp.DEBUG: Loading view file {"path":"E:\\xampp\\htdocs\\task_management/modules/tasks/view.php"} 
[2025-04-30 14:02:39] TaskManagementApp.INFO: Bootstrap initialized. Logger is active.  
[2025-04-30 14:02:39] TaskManagementApp.INFO: Bootstrap initialized. Logger is active.  
[2025-04-30 14:02:39] TaskManagementApp.INFO: Bootstrap initialized. Logger is active.  
[2025-04-30 14:02:39] TaskManagementApp.INFO: Bootstrap initialized. Logger is active.  
[2025-04-30 14:02:47] TaskManagementApp.INFO: Bootstrap initialized. Logger is active.  
[2025-04-30 14:02:47] TaskManagementApp.INFO: Bootstrap initialized. Logger is active.  
[2025-04-30 14:03:34] TaskManagementApp.INFO: Bootstrap initialized. Logger is active.  
[2025-04-30 14:03:34] TaskManagementApp.INFO: Bootstrap initialized. Logger is active.  
[2025-04-30 14:03:34] TaskManagementApp.INFO: Bootstrap initialized. Logger is active.  
[2025-04-30 14:03:34] TaskManagementApp.INFO: Bootstrap initialized. Logger is active.  
[2025-04-30 14:03:34] TaskManagementApp.INFO: Bootstrap initialized. Logger is active.  
[2025-04-30 14:03:45] TaskManagementApp.INFO: Bootstrap initialized. Logger is active.  
[2025-04-30 14:03:45] TaskManagementApp.INFO: Fetching task list {"filters":{"department_id":null,"category_id":null,"assignee_id":null,"status":null,"priority":null},"user_id":6,"role":"admin"} 
[2025-04-30 14:03:45] TaskManagementApp.DEBUG: Loading view file {"path":"E:\\xampp\\htdocs\\task_management/modules/tasks/index.php"} 
[2025-04-30 14:03:45] TaskManagementApp.INFO: Bootstrap initialized. Logger is active.  
[2025-04-30 14:03:45] TaskManagementApp.INFO: Bootstrap initialized. Logger is active.  
[2025-04-30 14:03:45] TaskManagementApp.INFO: Bootstrap initialized. Logger is active.  
[2025-04-30 14:03:45] TaskManagementApp.INFO: Bootstrap initialized. Logger is active.  
[2025-04-30 14:04:59] TaskManagementApp.INFO: Bootstrap initialized. Logger is active.  
[2025-04-30 14:04:59] TaskManagementApp.INFO: Fetching task list {"filters":{"department_id":null,"category_id":null,"assignee_id":null,"status":null,"priority":null},"user_id":6,"role":"admin"} 
[2025-04-30 14:04:59] TaskManagementApp.DEBUG: Loading view file {"path":"E:\\xampp\\htdocs\\task_management/modules/tasks/index.php"} 
[2025-04-30 14:04:59] TaskManagementApp.INFO: Bootstrap initialized. Logger is active.  
[2025-04-30 14:04:59] TaskManagementApp.INFO: Bootstrap initialized. Logger is active.  
[2025-04-30 14:04:59] TaskManagementApp.INFO: Bootstrap initialized. Logger is active.  
[2025-04-30 14:04:59] TaskManagementApp.INFO: Bootstrap initialized. Logger is active.  
[2025-04-30 14:05:01] TaskManagementApp.INFO: Bootstrap initialized. Logger is active.  
[2025-04-30 14:05:01] TaskManagementApp.INFO: Viewing task details {"task_id":54,"user_id":6} 
[2025-04-30 14:05:01] TaskManagementApp.DEBUG: Loading view file {"path":"E:\\xampp\\htdocs\\task_management/modules/tasks/view.php"} 
[2025-04-30 14:05:01] TaskManagementApp.INFO: Bootstrap initialized. Logger is active.  
[2025-04-30 14:05:01] TaskManagementApp.INFO: Bootstrap initialized. Logger is active.  
[2025-04-30 14:05:01] TaskManagementApp.INFO: Bootstrap initialized. Logger is active.  
[2025-04-30 14:05:01] TaskManagementApp.INFO: Bootstrap initialized. Logger is active.  
[2025-04-30 14:05:05] TaskManagementApp.INFO: Bootstrap initialized. Logger is active.  
[2025-04-30 14:05:06] TaskManagementApp.INFO: Bootstrap initialized. Logger is active.  
[2025-04-30 14:05:06] TaskManagementApp.INFO: Viewing task details {"task_id":54,"user_id":6} 
[2025-04-30 14:05:06] TaskManagementApp.DEBUG: Loading view file {"path":"E:\\xampp\\htdocs\\task_management/modules/tasks/view.php"} 
[2025-04-30 14:05:06] TaskManagementApp.INFO: Bootstrap initialized. Logger is active.  
[2025-04-30 14:05:06] TaskManagementApp.INFO: Bootstrap initialized. Logger is active.  
[2025-04-30 14:05:06] TaskManagementApp.INFO: Bootstrap initialized. Logger is active.  
[2025-04-30 14:05:06] TaskManagementApp.INFO: Bootstrap initialized. Logger is active.  
[2025-04-30 14:05:14] TaskManagementApp.INFO: Bootstrap initialized. Logger is active.  
[2025-04-30 14:05:14] TaskManagementApp.INFO: Bootstrap initialized. Logger is active.  
[2025-04-30 14:05:14] TaskManagementApp.INFO: Viewing task details {"task_id":54,"user_id":6} 
[2025-04-30 14:05:14] TaskManagementApp.DEBUG: Loading view file {"path":"E:\\xampp\\htdocs\\task_management/modules/tasks/view.php"} 
[2025-04-30 14:05:14] TaskManagementApp.INFO: Bootstrap initialized. Logger is active.  
[2025-04-30 14:05:14] TaskManagementApp.INFO: Bootstrap initialized. Logger is active.  
[2025-04-30 14:05:14] TaskManagementApp.INFO: Bootstrap initialized. Logger is active.  
[2025-04-30 14:05:14] TaskManagementApp.INFO: Bootstrap initialized. Logger is active.  
[2025-04-30 14:05:23] TaskManagementApp.INFO: Bootstrap initialized. Logger is active.  
[2025-04-30 14:05:23] TaskManagementApp.INFO: Fetching task list {"filters":{"department_id":null,"category_id":null,"assignee_id":null,"status":null,"priority":null},"user_id":6,"role":"admin"} 
[2025-04-30 14:05:23] TaskManagementApp.DEBUG: Loading view file {"path":"E:\\xampp\\htdocs\\task_management/modules/tasks/index.php"} 
[2025-04-30 14:05:23] TaskManagementApp.INFO: Bootstrap initialized. Logger is active.  
[2025-04-30 14:05:23] TaskManagementApp.INFO: Bootstrap initialized. Logger is active.  
[2025-04-30 14:05:23] TaskManagementApp.INFO: Bootstrap initialized. Logger is active.  
[2025-04-30 14:05:23] TaskManagementApp.INFO: Bootstrap initialized. Logger is active.  
[2025-04-30 14:05:25] TaskManagementApp.INFO: Bootstrap initialized. Logger is active.  
[2025-04-30 14:05:25] TaskManagementApp.INFO: Viewing task details {"task_id":54,"user_id":6} 
[2025-04-30 14:05:25] TaskManagementApp.DEBUG: Loading view file {"path":"E:\\xampp\\htdocs\\task_management/modules/tasks/view.php"} 
[2025-04-30 14:05:25] TaskManagementApp.INFO: Bootstrap initialized. Logger is active.  
[2025-04-30 14:05:25] TaskManagementApp.INFO: Bootstrap initialized. Logger is active.  
[2025-04-30 14:05:25] TaskManagementApp.INFO: Bootstrap initialized. Logger is active.  
[2025-04-30 14:05:25] TaskManagementApp.INFO: Bootstrap initialized. Logger is active.  
[2025-04-30 14:05:30] TaskManagementApp.INFO: Bootstrap initialized. Logger is active.  
[2025-04-30 14:05:30] TaskManagementApp.INFO: Bootstrap initialized. Logger is active.  
[2025-04-30 14:05:30] TaskManagementApp.INFO: Viewing task details {"task_id":54,"user_id":6} 
[2025-04-30 14:05:30] TaskManagementApp.DEBUG: Loading view file {"path":"E:\\xampp\\htdocs\\task_management/modules/tasks/view.php"} 
[2025-04-30 14:05:30] TaskManagementApp.INFO: Bootstrap initialized. Logger is active.  
[2025-04-30 14:05:30] TaskManagementApp.INFO: Bootstrap initialized. Logger is active.  
[2025-04-30 14:05:30] TaskManagementApp.INFO: Bootstrap initialized. Logger is active.  
[2025-04-30 14:05:30] TaskManagementApp.INFO: Bootstrap initialized. Logger is active.  
[2025-04-30 14:06:30] TaskManagementApp.INFO: Bootstrap initialized. Logger is active.  
[2025-04-30 14:06:30] TaskManagementApp.INFO: Viewing task details {"task_id":54,"user_id":6} 
[2025-04-30 14:06:30] TaskManagementApp.DEBUG: Loading view file {"path":"E:\\xampp\\htdocs\\task_management/modules/tasks/view.php"} 
[2025-04-30 14:06:30] TaskManagementApp.INFO: Bootstrap initialized. Logger is active.  
[2025-04-30 14:06:30] TaskManagementApp.INFO: Bootstrap initialized. Logger is active.  
[2025-04-30 14:06:30] TaskManagementApp.INFO: Bootstrap initialized. Logger is active.  
[2025-04-30 14:06:30] TaskManagementApp.INFO: Bootstrap initialized. Logger is active.  
[2025-04-30 14:06:34] TaskManagementApp.INFO: Bootstrap initialized. Logger is active.  
[2025-04-30 14:06:34] TaskManagementApp.INFO: Bootstrap initialized. Logger is active.  
[2025-04-30 14:06:34] TaskManagementApp.INFO: Viewing task details {"task_id":54,"user_id":6} 
[2025-04-30 14:06:34] TaskManagementApp.DEBUG: Loading view file {"path":"E:\\xampp\\htdocs\\task_management/modules/tasks/view.php"} 
[2025-04-30 14:06:34] TaskManagementApp.INFO: Bootstrap initialized. Logger is active.  
[2025-04-30 14:06:34] TaskManagementApp.INFO: Bootstrap initialized. Logger is active.  
[2025-04-30 14:06:34] TaskManagementApp.INFO: Bootstrap initialized. Logger is active.  
[2025-04-30 14:06:34] TaskManagementApp.INFO: Bootstrap initialized. Logger is active.  
[2025-04-30 14:06:54] TaskManagementApp.INFO: Bootstrap initialized. Logger is active.  
[2025-04-30 14:06:54] TaskManagementApp.INFO: Viewing task details {"task_id":54,"user_id":6} 
[2025-04-30 14:06:54] TaskManagementApp.DEBUG: Loading view file {"path":"E:\\xampp\\htdocs\\task_management/modules/tasks/view.php"} 
[2025-04-30 14:06:54] TaskManagementApp.INFO: Bootstrap initialized. Logger is active.  
[2025-04-30 14:06:54] TaskManagementApp.INFO: Bootstrap initialized. Logger is active.  
[2025-04-30 14:06:54] TaskManagementApp.INFO: Bootstrap initialized. Logger is active.  
[2025-04-30 14:06:54] TaskManagementApp.INFO: Bootstrap initialized. Logger is active.  
[2025-04-30 14:06:58] TaskManagementApp.INFO: Bootstrap initialized. Logger is active.  
[2025-04-30 14:06:58] TaskManagementApp.INFO: Bootstrap initialized. Logger is active.  
[2025-04-30 14:06:58] TaskManagementApp.INFO: Viewing task details {"task_id":54,"user_id":6} 
[2025-04-30 14:06:58] TaskManagementApp.DEBUG: Loading view file {"path":"E:\\xampp\\htdocs\\task_management/modules/tasks/view.php"} 
[2025-04-30 14:06:58] TaskManagementApp.INFO: Bootstrap initialized. Logger is active.  
[2025-04-30 14:06:58] TaskManagementApp.INFO: Bootstrap initialized. Logger is active.  
[2025-04-30 14:06:58] TaskManagementApp.INFO: Bootstrap initialized. Logger is active.  
[2025-04-30 14:06:58] TaskManagementApp.INFO: Bootstrap initialized. Logger is active.  
[2025-04-30 14:07:11] TaskManagementApp.INFO: Bootstrap initialized. Logger is active.  
[2025-04-30 14:07:11] TaskManagementApp.INFO: Bootstrap initialized. Logger is active.  
[2025-04-30 14:07:12] TaskManagementApp.INFO: Bootstrap initialized. Logger is active.  
[2025-04-30 14:07:12] TaskManagementApp.INFO: Viewing task details {"task_id":54,"user_id":6} 
[2025-04-30 14:07:12] TaskManagementApp.DEBUG: Loading view file {"path":"E:\\xampp\\htdocs\\task_management/modules/tasks/view.php"} 
[2025-04-30 14:07:12] TaskManagementApp.INFO: Bootstrap initialized. Logger is active.  
[2025-04-30 14:07:12] TaskManagementApp.INFO: Bootstrap initialized. Logger is active.  
[2025-04-30 14:07:12] TaskManagementApp.INFO: Bootstrap initialized. Logger is active.  
[2025-04-30 14:07:12] TaskManagementApp.INFO: Bootstrap initialized. Logger is active.  
[2025-04-30 14:07:17] TaskManagementApp.INFO: Bootstrap initialized. Logger is active.  
[2025-04-30 14:07:18] TaskManagementApp.INFO: Bootstrap initialized. Logger is active.  
[2025-04-30 14:07:18] TaskManagementApp.INFO: Viewing task details {"task_id":54,"user_id":6} 
[2025-04-30 14:07:18] TaskManagementApp.DEBUG: Loading view file {"path":"E:\\xampp\\htdocs\\task_management/modules/tasks/view.php"} 
[2025-04-30 14:07:18] TaskManagementApp.INFO: Bootstrap initialized. Logger is active.  
[2025-04-30 14:07:18] TaskManagementApp.INFO: Bootstrap initialized. Logger is active.  
[2025-04-30 14:07:18] TaskManagementApp.INFO: Bootstrap initialized. Logger is active.  
[2025-04-30 14:07:18] TaskManagementApp.INFO: Bootstrap initialized. Logger is active.  
[2025-04-30 14:13:41] TaskManagementApp.INFO: Bootstrap initialized. Logger is active.  
[2025-04-30 14:13:41] TaskManagementApp.INFO: Bootstrap initialized. Logger is active.  
[2025-04-30 14:13:41] TaskManagementApp.INFO: Bootstrap initialized. Logger is active.  
[2025-04-30 14:13:41] TaskManagementApp.INFO: Bootstrap initialized. Logger is active.  
[2025-04-30 14:13:41] TaskManagementApp.INFO: Bootstrap initialized. Logger is active.  
[2025-04-30 14:13:46] TaskManagementApp.INFO: Bootstrap initialized. Logger is active.  
[2025-04-30 14:13:46] TaskManagementApp.INFO: TaskController::updateStatus method entered. {"request_method":"POST","post_data":{"csrf_token":"610da14ebd837ca730b35fe1f4b643ecabec72521e0377a49261a3bcee3f8f77","action":"finish_task","task_id":"54","comment":"saas","new_status":"completed"}} 
[2025-04-30 14:13:46] TaskManagementApp.DEBUG: Input data received for status update. {"task_id":54,"new_status":"completed","comment_length":4,"user_id":6} 
[2025-04-30 14:13:46] TaskManagementApp.DEBUG: Input validation passed for status update.  
[2025-04-30 14:13:46] TaskManagementApp.DEBUG: Calling TaskModel::updateTaskStatus. {"task_id":54,"new_status":"completed"} 
[2025-04-30 14:13:46] TaskManagementApp.INFO: Task status updated successfully via model. {"task_id":54,"new_status":"completed"} 
[2025-04-30 14:13:46] TaskManagementApp.DEBUG: Calling CommentModel::addComment. {"task_id":54,"user_id":6} 
[2025-04-30 14:13:46] TaskManagementApp.INFO: Closing comment added successfully. {"task_id":54,"user_id":6,"comment_id":17} 
[2025-04-30 14:13:47] TaskManagementApp.INFO: Bootstrap initialized. Logger is active.  
[2025-04-30 14:13:47] TaskManagementApp.INFO: Bootstrap initialized. Logger is active.  
[2025-04-30 14:13:47] TaskManagementApp.INFO: Bootstrap initialized. Logger is active.  
[2025-04-30 14:13:47] TaskManagementApp.INFO: Bootstrap initialized. Logger is active.  
[2025-04-30 14:13:47] TaskManagementApp.INFO: Bootstrap initialized. Logger is active.  
[2025-04-30 14:15:54] TaskManagementApp.INFO: Bootstrap initialized. Logger is active.  
[2025-04-30 14:15:54] TaskManagementApp.INFO: Bootstrap initialized. Logger is active.  
[2025-04-30 14:15:54] TaskManagementApp.INFO: Bootstrap initialized. Logger is active.  
[2025-04-30 14:15:54] TaskManagementApp.INFO: Bootstrap initialized. Logger is active.  
[2025-04-30 14:15:54] TaskManagementApp.INFO: Bootstrap initialized. Logger is active.  
[2025-04-30 14:15:57] TaskManagementApp.INFO: Bootstrap initialized. Logger is active.  
[2025-04-30 14:15:57] TaskManagementApp.INFO: Bootstrap initialized. Logger is active.  
[2025-04-30 14:15:57] TaskManagementApp.INFO: Bootstrap initialized. Logger is active.  
[2025-04-30 14:15:57] TaskManagementApp.INFO: Bootstrap initialized. Logger is active.  
[2025-04-30 14:15:57] TaskManagementApp.INFO: Bootstrap initialized. Logger is active.  
[2025-04-30 14:16:01] TaskManagementApp.INFO: Bootstrap initialized. Logger is active.  
[2025-04-30 14:16:02] TaskManagementApp.INFO: TaskController::updateStatus method entered. {"request_method":"POST","post_data":{"csrf_token":"610da14ebd837ca730b35fe1f4b643ecabec72521e0377a49261a3bcee3f8f77","action":"finish_task","task_id":"53","comment":"sasa","new_status":"completed"}} 
[2025-04-30 14:16:02] TaskManagementApp.DEBUG: Input data received for status update. {"task_id":53,"new_status":"completed","comment_length":4,"user_id":6} 
[2025-04-30 14:16:02] TaskManagementApp.DEBUG: Input validation passed for status update.  
[2025-04-30 14:16:02] TaskManagementApp.DEBUG: Calling TaskModel::updateTaskStatus. {"task_id":53,"new_status":"completed"} 
[2025-04-30 14:16:02] TaskManagementApp.INFO: Task status updated successfully via model. {"task_id":53,"new_status":"completed"} 
[2025-04-30 14:16:02] TaskManagementApp.DEBUG: Calling CommentModel::addComment. {"task_id":53,"user_id":6} 
[2025-04-30 14:16:02] TaskManagementApp.INFO: Closing comment added successfully. {"task_id":53,"user_id":6,"comment_id":18} 
[2025-04-30 14:16:02] TaskManagementApp.INFO: Bootstrap initialized. Logger is active.  
[2025-04-30 14:16:02] TaskManagementApp.INFO: Bootstrap initialized. Logger is active.  
[2025-04-30 14:16:02] TaskManagementApp.INFO: Bootstrap initialized. Logger is active.  
[2025-04-30 14:16:02] TaskManagementApp.INFO: Bootstrap initialized. Logger is active.  
[2025-04-30 14:16:02] TaskManagementApp.INFO: Bootstrap initialized. Logger is active.  
[2025-04-30 14:16:17] TaskManagementApp.INFO: Bootstrap initialized. Logger is active.  
[2025-04-30 14:16:17] TaskManagementApp.INFO: Bootstrap initialized. Logger is active.  
[2025-04-30 14:16:17] TaskManagementApp.INFO: Bootstrap initialized. Logger is active.  
[2025-04-30 14:16:17] TaskManagementApp.INFO: Bootstrap initialized. Logger is active.  
[2025-04-30 14:16:17] TaskManagementApp.INFO: Bootstrap initialized. Logger is active.  
[2025-04-30 14:17:06] TaskManagementApp.INFO: Bootstrap initialized. Logger is active.  
[2025-04-30 14:17:06] TaskManagementApp.INFO: Bootstrap initialized. Logger is active.  
[2025-04-30 14:17:06] TaskManagementApp.INFO: Bootstrap initialized. Logger is active.  
[2025-04-30 14:17:06] TaskManagementApp.INFO: Bootstrap initialized. Logger is active.  
[2025-04-30 14:17:06] TaskManagementApp.INFO: Bootstrap initialized. Logger is active.  
[2025-04-30 14:17:27] TaskManagementApp.INFO: Bootstrap initialized. Logger is active.  
[2025-04-30 14:17:27] TaskManagementApp.INFO: New task created successfully. {"task_id":55,"title":"hahshaksak"} 
[2025-04-30 14:17:27] TaskManagementApp.INFO: Bootstrap initialized. Logger is active.  
[2025-04-30 14:17:27] TaskManagementApp.INFO: Bootstrap initialized. Logger is active.  
[2025-04-30 14:17:27] TaskManagementApp.INFO: Bootstrap initialized. Logger is active.  
[2025-04-30 14:17:27] TaskManagementApp.INFO: Bootstrap initialized. Logger is active.  
[2025-04-30 14:17:27] TaskManagementApp.INFO: Bootstrap initialized. Logger is active.  
[2025-04-30 14:17:30] TaskManagementApp.INFO: Bootstrap initialized. Logger is active.  
[2025-04-30 14:17:30] TaskManagementApp.INFO: Bootstrap initialized. Logger is active.  
[2025-04-30 14:17:30] TaskManagementApp.INFO: Bootstrap initialized. Logger is active.  
[2025-04-30 14:17:30] TaskManagementApp.INFO: Bootstrap initialized. Logger is active.  
[2025-04-30 14:17:30] TaskManagementApp.INFO: Bootstrap initialized. Logger is active.  
[2025-04-30 14:27:17] TaskManagementApp.INFO: Bootstrap initialized. Logger is active.  
[2025-04-30 14:27:17] TaskManagementApp.INFO: Bootstrap initialized. Logger is active.  
[2025-04-30 14:27:19] TaskManagementApp.INFO: Bootstrap initialized. Logger is active.  
[2025-04-30 14:27:20] TaskManagementApp.INFO: Bootstrap initialized. Logger is active.  
[2025-04-30 14:27:21] TaskManagementApp.INFO: Bootstrap initialized. Logger is active.  
[2025-04-30 14:27:21] TaskManagementApp.INFO: Bootstrap initialized. Logger is active.  
[2025-04-30 14:27:46] TaskManagementApp.INFO: Bootstrap initialized. Logger is active.  
[2025-04-30 14:27:46] TaskManagementApp.INFO: Bootstrap initialized. Logger is active.  
[2025-04-30 14:27:53] TaskManagementApp.INFO: Bootstrap initialized. Logger is active.  
[2025-04-30 14:27:53] TaskManagementApp.INFO: Bootstrap initialized. Logger is active.  
[2025-04-30 14:28:08] TaskManagementApp.INFO: Bootstrap initialized. Logger is active.  
[2025-04-30 14:28:08] TaskManagementApp.INFO: New task created successfully. {"task_id":56,"title":"dasdsa"} 
[2025-04-30 14:28:08] TaskManagementApp.INFO: Bootstrap initialized. Logger is active.  
[2025-04-30 14:28:08] TaskManagementApp.INFO: Bootstrap initialized. Logger is active.  
[2025-04-30 14:28:35] TaskManagementApp.INFO: Bootstrap initialized. Logger is active.  
[2025-04-30 14:28:35] TaskManagementApp.INFO: Bootstrap initialized. Logger is active.  
[2025-04-30 14:28:40] TaskManagementApp.INFO: Bootstrap initialized. Logger is active.  
[2025-04-30 14:28:40] TaskManagementApp.INFO: Bootstrap initialized. Logger is active.  
[2025-04-30 14:29:40] TaskManagementApp.INFO: Bootstrap initialized. Logger is active.  
[2025-04-30 14:29:40] TaskManagementApp.INFO: Bootstrap initialized. Logger is active.  
[2025-04-30 14:30:17] TaskManagementApp.INFO: Bootstrap initialized. Logger is active.  
[2025-04-30 14:30:17] TaskManagementApp.INFO: Bootstrap initialized. Logger is active.  
[2025-04-30 14:30:20] TaskManagementApp.INFO: Bootstrap initialized. Logger is active.  
[2025-04-30 14:30:20] TaskManagementApp.INFO: Bootstrap initialized. Logger is active.  
[2025-04-30 14:30:26] TaskManagementApp.INFO: Bootstrap initialized. Logger is active.  
[2025-04-30 14:30:26] TaskManagementApp.INFO: Bootstrap initialized. Logger is active.  
[2025-04-30 14:30:32] TaskManagementApp.INFO: Bootstrap initialized. Logger is active.  
[2025-04-30 14:30:32] TaskManagementApp.INFO: Bootstrap initialized. Logger is active.  
[2025-04-30 14:30:34] TaskManagementApp.INFO: Bootstrap initialized. Logger is active.  
[2025-04-30 14:30:34] TaskManagementApp.INFO: Bootstrap initialized. Logger is active.  
[2025-04-30 14:30:39] TaskManagementApp.INFO: Bootstrap initialized. Logger is active.  
[2025-04-30 14:30:39] TaskManagementApp.INFO: TaskController::updateStatus method entered. {"request_method":"POST","post_data":{"csrf_token":"29ee44aca27313ab8a2bb30d29441d97775f60639988dae4375bb38a2b79748d","action":"finish_task","task_id":"55","comment":"saAS","new_status":"completed"}} 
[2025-04-30 14:30:39] TaskManagementApp.DEBUG: Input data received for status update. {"task_id":55,"new_status":"completed","comment_length":4,"user_id":9} 
[2025-04-30 14:30:39] TaskManagementApp.DEBUG: Input validation passed for status update.  
[2025-04-30 14:30:39] TaskManagementApp.DEBUG: Calling TaskModel::updateTaskStatus. {"task_id":55,"new_status":"completed"} 
[2025-04-30 14:30:39] TaskManagementApp.INFO: Task status updated successfully via model. {"task_id":55,"new_status":"completed"} 
[2025-04-30 14:30:39] TaskManagementApp.DEBUG: Calling CommentModel::addComment. {"task_id":55,"user_id":9} 
[2025-04-30 14:30:39] TaskManagementApp.INFO: Closing comment added successfully. {"task_id":55,"user_id":9,"comment_id":19} 
[2025-04-30 14:30:39] TaskManagementApp.INFO: Bootstrap initialized. Logger is active.  
[2025-04-30 14:30:39] TaskManagementApp.INFO: Bootstrap initialized. Logger is active.  
[2025-04-30 14:31:37] TaskManagementApp.INFO: Bootstrap initialized. Logger is active.  
[2025-04-30 14:31:37] TaskManagementApp.INFO: Bootstrap initialized. Logger is active.  
[2025-04-30 14:31:42] TaskManagementApp.INFO: Bootstrap initialized. Logger is active.  
[2025-04-30 14:31:42] TaskManagementApp.INFO: Bootstrap initialized. Logger is active.  
[2025-04-30 14:31:44] TaskManagementApp.INFO: Bootstrap initialized. Logger is active.  
[2025-04-30 14:31:44] TaskManagementApp.INFO: Bootstrap initialized. Logger is active.  
[2025-04-30 14:33:35] TaskManagementApp.INFO: Bootstrap initialized. Logger is active.  
[2025-04-30 14:33:35] TaskManagementApp.INFO: Bootstrap initialized. Logger is active.  
[2025-04-30 14:33:36] TaskManagementApp.INFO: Bootstrap initialized. Logger is active.  
[2025-04-30 14:33:36] TaskManagementApp.INFO: Bootstrap initialized. Logger is active.  
[2025-04-30 14:34:32] TaskManagementApp.INFO: Bootstrap initialized. Logger is active.  
[2025-04-30 14:34:32] TaskManagementApp.INFO: Bootstrap initialized. Logger is active.  
[2025-04-30 14:38:51] TaskManagementApp.INFO: Bootstrap initialized. Logger is active.  
[2025-04-30 14:38:51] TaskManagementApp.INFO: Bootstrap initialized. Logger is active.  
[2025-04-30 14:39:38] TaskManagementApp.INFO: Bootstrap initialized. Logger is active.  
[2025-04-30 14:39:38] TaskManagementApp.INFO: Bootstrap initialized. Logger is active.  
[2025-04-30 14:40:08] TaskManagementApp.INFO: Bootstrap initialized. Logger is active.  
[2025-04-30 14:40:08] TaskManagementApp.INFO: Bootstrap initialized. Logger is active.  
[2025-04-30 14:40:09] TaskManagementApp.INFO: Bootstrap initialized. Logger is active.  
[2025-04-30 14:40:09] TaskManagementApp.INFO: Bootstrap initialized. Logger is active.  
[2025-04-30 14:40:11] TaskManagementApp.INFO: Bootstrap initialized. Logger is active.  
[2025-04-30 14:40:11] TaskManagementApp.INFO: Bootstrap initialized. Logger is active.  
[2025-04-30 14:40:12] TaskManagementApp.INFO: Bootstrap initialized. Logger is active.  
[2025-04-30 14:40:13] TaskManagementApp.INFO: Bootstrap initialized. Logger is active.  
[2025-04-30 14:40:15] TaskManagementApp.INFO: Bootstrap initialized. Logger is active.  
[2025-04-30 14:40:15] TaskManagementApp.INFO: Bootstrap initialized. Logger is active.  
[2025-04-30 14:40:17] TaskManagementApp.INFO: Bootstrap initialized. Logger is active.  
[2025-04-30 14:40:17] TaskManagementApp.INFO: Bootstrap initialized. Logger is active.  
[2025-04-30 14:40:18] TaskManagementApp.INFO: Bootstrap initialized. Logger is active.  
[2025-04-30 14:40:18] TaskManagementApp.INFO: Bootstrap initialized. Logger is active.  
[2025-04-30 14:40:18] TaskManagementApp.INFO: Bootstrap initialized. Logger is active.  
[2025-04-30 14:40:18] TaskManagementApp.INFO: Bootstrap initialized. Logger is active.  
[2025-04-30 14:40:20] TaskManagementApp.INFO: Bootstrap initialized. Logger is active.  
[2025-04-30 14:40:20] TaskManagementApp.INFO: Bootstrap initialized. Logger is active.  
[2025-04-30 14:40:20] TaskManagementApp.INFO: Bootstrap initialized. Logger is active.  
[2025-04-30 14:40:21] TaskManagementApp.INFO: Bootstrap initialized. Logger is active.  
[2025-04-30 14:40:21] TaskManagementApp.INFO: Bootstrap initialized. Logger is active.  
[2025-04-30 14:40:23] TaskManagementApp.INFO: Bootstrap initialized. Logger is active.  
[2025-04-30 14:40:23] TaskManagementApp.INFO: Bootstrap initialized. Logger is active.  
[2025-04-30 14:40:24] TaskManagementApp.INFO: Bootstrap initialized. Logger is active.  
[2025-04-30 14:40:24] TaskManagementApp.INFO: TaskController::startProgress method entered. {"post_data":{"csrf_token":"610da14ebd837ca730b35fe1f4b643ecabec72521e0377a49261a3bcee3f8f77","action":"start_progress","task_id":"56"}} 
[2025-04-30 14:40:24] TaskManagementApp.CRITICAL: Exception during starting task progress. {"task_id":56,"exception":"Call to undefined method App\\Model\\Task::startTask()"} 
[2025-04-30 14:40:24] TaskManagementApp.INFO: Bootstrap initialized. Logger is active.  
[2025-04-30 14:40:24] TaskManagementApp.INFO: Bootstrap initialized. Logger is active.  
[2025-04-30 14:40:28] TaskManagementApp.INFO: Bootstrap initialized. Logger is active.  
[2025-04-30 14:40:28] TaskManagementApp.INFO: Bootstrap initialized. Logger is active.  
[2025-04-30 14:40:47] TaskManagementApp.INFO: Bootstrap initialized. Logger is active.  
[2025-04-30 14:40:47] TaskManagementApp.INFO: Bootstrap initialized. Logger is active.  
[2025-04-30 14:41:08] TaskManagementApp.INFO: Bootstrap initialized. Logger is active.  
[2025-04-30 14:41:08] TaskManagementApp.INFO: Bootstrap initialized. Logger is active.  
[2025-04-30 14:41:08] TaskManagementApp.INFO: Bootstrap initialized. Logger is active.  
[2025-04-30 14:41:08] TaskManagementApp.INFO: Bootstrap initialized. Logger is active.  
[2025-04-30 14:41:08] TaskManagementApp.INFO: Bootstrap initialized. Logger is active.  
[2025-04-30 14:41:12] TaskManagementApp.INFO: Bootstrap initialized. Logger is active.  
[2025-04-30 14:41:12] TaskManagementApp.INFO: Bootstrap initialized. Logger is active.  
[2025-04-30 14:41:12] TaskManagementApp.INFO: Bootstrap initialized. Logger is active.  
[2025-04-30 14:41:12] TaskManagementApp.INFO: Bootstrap initialized. Logger is active.  
[2025-04-30 14:41:13] TaskManagementApp.INFO: Bootstrap initialized. Logger is active.  
[2025-04-30 14:41:13] TaskManagementApp.INFO: Bootstrap initialized. Logger is active.  
[2025-04-30 14:41:13] TaskManagementApp.INFO: Bootstrap initialized. Logger is active.  
[2025-04-30 14:41:13] TaskManagementApp.INFO: Bootstrap initialized. Logger is active.  
[2025-04-30 14:41:13] TaskManagementApp.INFO: Bootstrap initialized. Logger is active.  
[2025-04-30 14:41:15] TaskManagementApp.INFO: Bootstrap initialized. Logger is active.  
[2025-04-30 14:41:15] TaskManagementApp.INFO: Bootstrap initialized. Logger is active.  
[2025-04-30 14:41:15] TaskManagementApp.INFO: Bootstrap initialized. Logger is active.  
[2025-04-30 14:41:15] TaskManagementApp.INFO: Bootstrap initialized. Logger is active.  
[2025-04-30 14:41:15] TaskManagementApp.INFO: Bootstrap initialized. Logger is active.  
[2025-04-30 14:41:16] TaskManagementApp.INFO: Bootstrap initialized. Logger is active.  
[2025-04-30 14:41:16] TaskManagementApp.INFO: TaskController::startProgress method entered. {"post_data":{"csrf_token":"610da14ebd837ca730b35fe1f4b643ecabec72521e0377a49261a3bcee3f8f77","action":"start_progress","task_id":"56"}} 
[2025-04-30 14:41:16] TaskManagementApp.CRITICAL: Exception during starting task progress. {"task_id":56,"exception":"Call to undefined method App\\Model\\Task::startTask()"} 
[2025-04-30 14:41:16] TaskManagementApp.INFO: Bootstrap initialized. Logger is active.  
[2025-04-30 14:41:16] TaskManagementApp.INFO: Bootstrap initialized. Logger is active.  
[2025-04-30 14:41:16] TaskManagementApp.INFO: Bootstrap initialized. Logger is active.  
[2025-04-30 14:41:16] TaskManagementApp.INFO: Bootstrap initialized. Logger is active.  
[2025-04-30 14:41:16] TaskManagementApp.INFO: Bootstrap initialized. Logger is active.  
[2025-04-30 14:41:42] TaskManagementApp.INFO: Bootstrap initialized. Logger is active.  
[2025-04-30 14:41:42] TaskManagementApp.INFO: Bootstrap initialized. Logger is active.  
[2025-04-30 14:42:33] TaskManagementApp.INFO: Bootstrap initialized. Logger is active.  
[2025-04-30 14:42:34] TaskManagementApp.INFO: Bootstrap initialized. Logger is active.  
[2025-04-30 14:42:35] TaskManagementApp.INFO: Bootstrap initialized. Logger is active.  
[2025-04-30 14:42:35] TaskManagementApp.INFO: Bootstrap initialized. Logger is active.  
[2025-04-30 14:42:39] TaskManagementApp.INFO: Bootstrap initialized. Logger is active.  
[2025-04-30 14:42:39] TaskManagementApp.INFO: Bootstrap initialized. Logger is active.  
[2025-04-30 14:42:41] TaskManagementApp.INFO: Bootstrap initialized. Logger is active.  
[2025-04-30 14:42:41] TaskManagementApp.INFO: Bootstrap initialized. Logger is active.  
[2025-04-30 14:42:43] TaskManagementApp.INFO: Bootstrap initialized. Logger is active.  
[2025-04-30 14:42:43] TaskManagementApp.INFO: Bootstrap initialized. Logger is active.  
[2025-04-30 14:43:29] TaskManagementApp.INFO: Bootstrap initialized. Logger is active.  
[2025-04-30 14:43:29] TaskManagementApp.INFO: Bootstrap initialized. Logger is active.  
[2025-04-30 14:43:30] TaskManagementApp.INFO: Bootstrap initialized. Logger is active.  
[2025-04-30 14:43:30] TaskManagementApp.INFO: Bootstrap initialized. Logger is active.  
[2025-04-30 14:43:32] TaskManagementApp.INFO: Bootstrap initialized. Logger is active.  
[2025-04-30 14:43:32] TaskManagementApp.INFO: Bootstrap initialized. Logger is active.  
[2025-04-30 14:43:33] TaskManagementApp.INFO: Bootstrap initialized. Logger is active.  
[2025-04-30 14:43:33] TaskManagementApp.INFO: TaskController::startProgress method entered. {"post_data":{"csrf_token":"610da14ebd837ca730b35fe1f4b643ecabec72521e0377a49261a3bcee3f8f77","action":"start_progress","task_id":"56"}} 
[2025-04-30 14:43:33] TaskManagementApp.INFO: Attempting to start task {"id":56,"user_id":6} 
[2025-04-30 14:43:33] TaskManagementApp.ERROR: Error starting task {"id":56,"user_id":6,"exception":"SQLSTATE[42S22]: Column not found: 1054 Unknown column 'started_at' in 'field list'"} 
[2025-04-30 14:43:33] TaskManagementApp.ERROR: Failed to start task progress (maybe not pending or DB error). {"task_id":56,"user_id":6} 
[2025-04-30 14:43:33] TaskManagementApp.INFO: Bootstrap initialized. Logger is active.  
[2025-04-30 14:43:33] TaskManagementApp.INFO: Bootstrap initialized. Logger is active.  
[2025-04-30 14:43:39] TaskManagementApp.INFO: Bootstrap initialized. Logger is active.  
[2025-04-30 14:43:39] TaskManagementApp.INFO: Bootstrap initialized. Logger is active.  
[2025-04-30 14:43:42] TaskManagementApp.INFO: Bootstrap initialized. Logger is active.  
[2025-04-30 14:43:42] TaskManagementApp.INFO: TaskController::startProgress method entered. {"post_data":{"csrf_token":"610da14ebd837ca730b35fe1f4b643ecabec72521e0377a49261a3bcee3f8f77","action":"start_progress","task_id":"56"}} 
[2025-04-30 14:43:42] TaskManagementApp.INFO: Attempting to start task {"id":56,"user_id":6} 
[2025-04-30 14:43:42] TaskManagementApp.ERROR: Error starting task {"id":56,"user_id":6,"exception":"SQLSTATE[42S22]: Column not found: 1054 Unknown column 'started_at' in 'field list'"} 
[2025-04-30 14:43:42] TaskManagementApp.ERROR: Failed to start task progress (maybe not pending or DB error). {"task_id":56,"user_id":6} 
[2025-04-30 14:43:42] TaskManagementApp.INFO: Bootstrap initialized. Logger is active.  
[2025-04-30 14:43:42] TaskManagementApp.INFO: Bootstrap initialized. Logger is active.  
[2025-04-30 14:46:25] TaskManagementApp.INFO: Bootstrap initialized. Logger is active.  
[2025-04-30 14:46:25] TaskManagementApp.INFO: Bootstrap initialized. Logger is active.  
[2025-04-30 14:46:27] TaskManagementApp.INFO: Bootstrap initialized. Logger is active.  
[2025-04-30 14:46:27] TaskManagementApp.INFO: Bootstrap initialized. Logger is active.  
[2025-04-30 14:46:27] TaskManagementApp.INFO: Bootstrap initialized. Logger is active.  
[2025-04-30 14:46:27] TaskManagementApp.INFO: Bootstrap initialized. Logger is active.  
[2025-04-30 14:46:27] TaskManagementApp.INFO: Bootstrap initialized. Logger is active.  
[2025-04-30 14:46:29] TaskManagementApp.INFO: Bootstrap initialized. Logger is active.  
[2025-04-30 14:46:30] TaskManagementApp.INFO: Bootstrap initialized. Logger is active.  
[2025-04-30 14:46:30] TaskManagementApp.INFO: Bootstrap initialized. Logger is active.  
[2025-04-30 14:46:30] TaskManagementApp.INFO: Bootstrap initialized. Logger is active.  
[2025-04-30 14:46:30] TaskManagementApp.INFO: Bootstrap initialized. Logger is active.  
[2025-04-30 14:46:31] TaskManagementApp.INFO: Bootstrap initialized. Logger is active.  
[2025-04-30 14:46:31] TaskManagementApp.INFO: Bootstrap initialized. Logger is active.  
[2025-04-30 14:46:31] TaskManagementApp.INFO: Bootstrap initialized. Logger is active.  
[2025-04-30 14:46:31] TaskManagementApp.INFO: Bootstrap initialized. Logger is active.  
[2025-04-30 14:46:31] TaskManagementApp.INFO: Bootstrap initialized. Logger is active.  
[2025-04-30 14:46:32] TaskManagementApp.INFO: Bootstrap initialized. Logger is active.  
[2025-04-30 14:46:32] TaskManagementApp.INFO: TaskController::startProgress method entered. {"post_data":{"csrf_token":"610da14ebd837ca730b35fe1f4b643ecabec72521e0377a49261a3bcee3f8f77","action":"start_progress","task_id":"56"}} 
[2025-04-30 14:46:32] TaskManagementApp.INFO: Attempting to start task {"id":56,"user_id":6} 
[2025-04-30 14:46:32] TaskManagementApp.ERROR: Error adding task history {"exception":"SQLSTATE[42S22]: Column not found: 1054 Unknown column 'details' in 'field list'","taskId":56} 
[2025-04-30 14:46:32] TaskManagementApp.INFO: Task progress started successfully. {"task_id":56,"user_id":6} 
[2025-04-30 14:46:32] TaskManagementApp.INFO: Bootstrap initialized. Logger is active.  
[2025-04-30 14:46:32] TaskManagementApp.INFO: Bootstrap initialized. Logger is active.  
[2025-04-30 14:46:32] TaskManagementApp.INFO: Bootstrap initialized. Logger is active.  
[2025-04-30 14:46:33] TaskManagementApp.INFO: Bootstrap initialized. Logger is active.  
[2025-04-30 14:46:33] TaskManagementApp.INFO: Bootstrap initialized. Logger is active.  
[2025-04-30 14:46:39] TaskManagementApp.INFO: Bootstrap initialized. Logger is active.  
[2025-04-30 14:46:39] TaskManagementApp.INFO: Bootstrap initialized. Logger is active.  
[2025-04-30 14:46:39] TaskManagementApp.INFO: Bootstrap initialized. Logger is active.  
[2025-04-30 14:46:39] TaskManagementApp.INFO: Bootstrap initialized. Logger is active.  
[2025-04-30 14:46:39] TaskManagementApp.INFO: Bootstrap initialized. Logger is active.  
[2025-04-30 14:46:46] TaskManagementApp.INFO: Bootstrap initialized. Logger is active.  
[2025-04-30 14:46:46] TaskManagementApp.INFO: TaskController::updateStatus method entered. {"request_method":"POST","post_data":{"csrf_token":"610da14ebd837ca730b35fe1f4b643ecabec72521e0377a49261a3bcee3f8f77","action":"finish_task","task_id":"56","comment":"Salam ","new_status":"completed"}} 
[2025-04-30 14:46:46] TaskManagementApp.DEBUG: Input data received for status update. {"task_id":56,"new_status":"completed","comment_length":5,"user_id":6} 
[2025-04-30 14:46:46] TaskManagementApp.DEBUG: Input validation passed for status update.  
[2025-04-30 14:46:46] TaskManagementApp.DEBUG: Calling TaskModel::updateTaskStatus. {"task_id":56,"new_status":"completed"} 
[2025-04-30 14:46:46] TaskManagementApp.INFO: Attempting to update task status {"id":56,"new_status":"completed","updated_at":"2025-04-30 14:46:46"} 
[2025-04-30 14:46:46] TaskManagementApp.INFO: Task status updated successfully in DB {"id":56,"rows_affected":1} 
[2025-04-30 14:46:46] TaskManagementApp.INFO: Task status updated successfully via model. {"task_id":56,"new_status":"completed"} 
[2025-04-30 14:46:46] TaskManagementApp.DEBUG: Calling CommentModel::addComment. {"task_id":56,"user_id":6} 
[2025-04-30 14:46:46] TaskManagementApp.ERROR: Error adding task history {"exception":"SQLSTATE[42S22]: Column not found: 1054 Unknown column 'details' in 'field list'","taskId":56} 
[2025-04-30 14:46:46] TaskManagementApp.INFO: Closing comment added successfully. {"task_id":56,"user_id":6,"comment_id":20} 
[2025-04-30 14:46:46] TaskManagementApp.INFO: Bootstrap initialized. Logger is active.  
[2025-04-30 14:46:46] TaskManagementApp.INFO: Bootstrap initialized. Logger is active.  
[2025-04-30 14:46:46] TaskManagementApp.INFO: Bootstrap initialized. Logger is active.  
[2025-04-30 14:46:46] TaskManagementApp.INFO: Bootstrap initialized. Logger is active.  
[2025-04-30 14:46:46] TaskManagementApp.INFO: Bootstrap initialized. Logger is active.  
[2025-04-30 14:46:50] TaskManagementApp.INFO: Bootstrap initialized. Logger is active.  
[2025-04-30 14:46:50] TaskManagementApp.INFO: Bootstrap initialized. Logger is active.  
[2025-04-30 14:46:50] TaskManagementApp.INFO: Bootstrap initialized. Logger is active.  
[2025-04-30 14:46:50] TaskManagementApp.INFO: Bootstrap initialized. Logger is active.  
[2025-04-30 14:46:50] TaskManagementApp.INFO: Bootstrap initialized. Logger is active.  
[2025-04-30 14:46:55] TaskManagementApp.INFO: Bootstrap initialized. Logger is active.  
[2025-04-30 14:46:55] TaskManagementApp.INFO: Bootstrap initialized. Logger is active.  
[2025-04-30 14:46:55] TaskManagementApp.INFO: Bootstrap initialized. Logger is active.  
[2025-04-30 14:46:55] TaskManagementApp.INFO: Bootstrap initialized. Logger is active.  
[2025-04-30 14:46:55] TaskManagementApp.INFO: Bootstrap initialized. Logger is active.  
[2025-04-30 14:46:58] TaskManagementApp.INFO: Bootstrap initialized. Logger is active.  
[2025-04-30 14:46:58] TaskManagementApp.INFO: Bootstrap initialized. Logger is active.  
[2025-04-30 14:46:58] TaskManagementApp.INFO: Bootstrap initialized. Logger is active.  
[2025-04-30 14:46:58] TaskManagementApp.INFO: Bootstrap initialized. Logger is active.  
[2025-04-30 14:47:16] TaskManagementApp.INFO: Bootstrap initialized. Logger is active.  
[2025-04-30 14:47:16] TaskManagementApp.INFO: Bootstrap initialized. Logger is active.  
[2025-04-30 14:47:16] TaskManagementApp.INFO: Bootstrap initialized. Logger is active.  
[2025-04-30 14:47:16] TaskManagementApp.INFO: Bootstrap initialized. Logger is active.  
[2025-04-30 14:49:45] TaskManagementApp.INFO: Bootstrap initialized. Logger is active.  
[2025-04-30 14:49:45] TaskManagementApp.INFO: Bootstrap initialized. Logger is active.  
[2025-04-30 14:49:45] TaskManagementApp.INFO: Bootstrap initialized. Logger is active.  
[2025-04-30 14:49:45] TaskManagementApp.INFO: Bootstrap initialized. Logger is active.  
[2025-04-30 15:13:46] TaskManagementApp.INFO: Bootstrap initialized. Logger is active.  
[2025-04-30 15:13:46] TaskManagementApp.INFO: Bootstrap initialized. Logger is active.  
[2025-04-30 15:13:50] TaskManagementApp.INFO: Bootstrap initialized. Logger is active.  
[2025-04-30 15:13:50] TaskManagementApp.INFO: Bootstrap initialized. Logger is active.  
[2025-04-30 15:13:53] TaskManagementApp.INFO: Bootstrap initialized. Logger is active.  
[2025-04-30 15:13:53] TaskManagementApp.INFO: Bootstrap initialized. Logger is active.  
[2025-04-30 15:13:54] TaskManagementApp.INFO: Bootstrap initialized. Logger is active.  
[2025-04-30 15:13:54] TaskManagementApp.INFO: Bootstrap initialized. Logger is active.  
[2025-04-30 15:13:56] TaskManagementApp.INFO: Bootstrap initialized. Logger is active.  
[2025-04-30 15:13:56] TaskManagementApp.INFO: Bootstrap initialized. Logger is active.  
[2025-04-30 15:13:57] TaskManagementApp.INFO: Bootstrap initialized. Logger is active.  
[2025-04-30 15:13:57] TaskManagementApp.INFO: Bootstrap initialized. Logger is active.  
[2025-04-30 15:14:11] TaskManagementApp.INFO: Bootstrap initialized. Logger is active.  
[2025-04-30 15:14:11] TaskManagementApp.INFO: Bootstrap initialized. Logger is active.  
[2025-04-30 15:14:11] TaskManagementApp.INFO: Bootstrap initialized. Logger is active.  
[2025-04-30 15:14:11] TaskManagementApp.INFO: Bootstrap initialized. Logger is active.  
[2025-04-30 15:14:12] TaskManagementApp.INFO: Bootstrap initialized. Logger is active.  
[2025-04-30 15:14:12] TaskManagementApp.INFO: Bootstrap initialized. Logger is active.  
[2025-04-30 15:14:12] TaskManagementApp.INFO: Bootstrap initialized. Logger is active.  
[2025-04-30 15:14:12] TaskManagementApp.INFO: Bootstrap initialized. Logger is active.  
[2025-04-30 15:14:12] TaskManagementApp.INFO: Bootstrap initialized. Logger is active.  
[2025-04-30 15:14:13] TaskManagementApp.INFO: Bootstrap initialized. Logger is active.  
[2025-04-30 15:14:13] TaskManagementApp.INFO: Bootstrap initialized. Logger is active.  
[2025-04-30 15:14:13] TaskManagementApp.INFO: Bootstrap initialized. Logger is active.  
[2025-04-30 15:14:13] TaskManagementApp.INFO: Bootstrap initialized. Logger is active.  
[2025-04-30 15:14:13] TaskManagementApp.INFO: Bootstrap initialized. Logger is active.  
[2025-04-30 15:14:13] TaskManagementApp.INFO: Bootstrap initialized. Logger is active.  
[2025-04-30 15:14:13] TaskManagementApp.INFO: Bootstrap initialized. Logger is active.  
[2025-04-30 15:14:13] TaskManagementApp.INFO: Bootstrap initialized. Logger is active.  
[2025-04-30 15:14:13] TaskManagementApp.INFO: Bootstrap initialized. Logger is active.  
[2025-04-30 15:14:13] TaskManagementApp.INFO: Bootstrap initialized. Logger is active.  
[2025-04-30 15:14:13] TaskManagementApp.INFO: Bootstrap initialized. Logger is active.  
[2025-04-30 15:14:13] TaskManagementApp.INFO: Bootstrap initialized. Logger is active.  
[2025-04-30 15:14:13] TaskManagementApp.INFO: Bootstrap initialized. Logger is active.  
[2025-04-30 15:14:13] TaskManagementApp.INFO: Bootstrap initialized. Logger is active.  
[2025-04-30 15:14:17] TaskManagementApp.INFO: Bootstrap initialized. Logger is active.  
[2025-04-30 15:14:17] TaskManagementApp.INFO: Bootstrap initialized. Logger is active.  
[2025-04-30 15:14:17] TaskManagementApp.INFO: Bootstrap initialized. Logger is active.  
[2025-04-30 15:14:17] TaskManagementApp.INFO: Bootstrap initialized. Logger is active.  
[2025-04-30 15:14:19] TaskManagementApp.INFO: Bootstrap initialized. Logger is active.  
[2025-04-30 15:14:19] TaskManagementApp.INFO: Bootstrap initialized. Logger is active.  
[2025-04-30 15:14:19] TaskManagementApp.INFO: Bootstrap initialized. Logger is active.  
[2025-04-30 15:14:19] TaskManagementApp.INFO: Bootstrap initialized. Logger is active.  
[2025-04-30 15:14:20] TaskManagementApp.INFO: Bootstrap initialized. Logger is active.  
[2025-04-30 15:14:20] TaskManagementApp.INFO: Bootstrap initialized. Logger is active.  
[2025-04-30 15:14:20] TaskManagementApp.INFO: Bootstrap initialized. Logger is active.  
[2025-04-30 15:14:20] TaskManagementApp.INFO: Bootstrap initialized. Logger is active.  
[2025-04-30 15:47:41] TaskManagementApp.INFO: Bootstrap initialized. Logger is active.  
[2025-04-30 15:47:41] TaskManagementApp.INFO: Bootstrap initialized. Logger is active.  
[2025-04-30 15:47:41] TaskManagementApp.INFO: Bootstrap initialized. Logger is active.  
[2025-04-30 15:47:41] TaskManagementApp.INFO: Bootstrap initialized. Logger is active.  
[2025-04-30 15:47:48] TaskManagementApp.INFO: Bootstrap initialized. Logger is active.  
[2025-04-30 15:47:48] TaskManagementApp.INFO: Bootstrap initialized. Logger is active.  
[2025-04-30 15:47:50] TaskManagementApp.INFO: Bootstrap initialized. Logger is active.  
[2025-04-30 15:47:50] TaskManagementApp.INFO: Bootstrap initialized. Logger is active.  
[2025-04-30 15:47:50] TaskManagementApp.INFO: Bootstrap initialized. Logger is active.  
[2025-04-30 15:50:48] TaskManagementApp.INFO: Bootstrap initialized. Logger is active.  
[2025-04-30 15:50:48] TaskManagementApp.INFO: Bootstrap initialized. Logger is active.  
[2025-04-30 15:50:48] TaskManagementApp.INFO: Bootstrap initialized. Logger is active.  
[2025-04-30 15:50:48] TaskManagementApp.INFO: Bootstrap initialized. Logger is active.  
[2025-04-30 15:50:48] TaskManagementApp.INFO: Bootstrap initialized. Logger is active.  
[2025-04-30 15:50:48] TaskManagementApp.INFO: Bootstrap initialized. Logger is active.  
[2025-04-30 15:50:48] TaskManagementApp.INFO: Bootstrap initialized. Logger is active.  
[2025-04-30 15:50:48] TaskManagementApp.INFO: Bootstrap initialized. Logger is active.  
[2025-04-30 15:50:49] TaskManagementApp.INFO: Bootstrap initialized. Logger is active.  
[2025-04-30 15:50:49] TaskManagementApp.INFO: Bootstrap initialized. Logger is active.  
[2025-04-30 15:50:49] TaskManagementApp.INFO: Bootstrap initialized. Logger is active.  
[2025-04-30 15:50:49] TaskManagementApp.INFO: Bootstrap initialized. Logger is active.  
[2025-04-30 15:50:49] TaskManagementApp.INFO: Bootstrap initialized. Logger is active.  
[2025-04-30 15:50:49] TaskManagementApp.INFO: Bootstrap initialized. Logger is active.  
[2025-04-30 15:50:49] TaskManagementApp.INFO: Bootstrap initialized. Logger is active.  
[2025-04-30 15:50:50] TaskManagementApp.INFO: Bootstrap initialized. Logger is active.  
[2025-04-30 15:50:50] TaskManagementApp.INFO: Bootstrap initialized. Logger is active.  
[2025-04-30 15:50:50] TaskManagementApp.INFO: Bootstrap initialized. Logger is active.  
[2025-04-30 15:50:50] TaskManagementApp.INFO: Bootstrap initialized. Logger is active.  
[2025-04-30 15:50:50] TaskManagementApp.INFO: Bootstrap initialized. Logger is active.  
[2025-04-30 15:50:51] TaskManagementApp.INFO: Bootstrap initialized. Logger is active.  
[2025-04-30 15:50:51] TaskManagementApp.INFO: Bootstrap initialized. Logger is active.  
[2025-04-30 15:50:51] TaskManagementApp.INFO: Bootstrap initialized. Logger is active.  
[2025-04-30 15:50:51] TaskManagementApp.INFO: Bootstrap initialized. Logger is active.  
[2025-04-30 15:50:52] TaskManagementApp.INFO: Bootstrap initialized. Logger is active.  
[2025-04-30 15:50:52] TaskManagementApp.INFO: Bootstrap initialized. Logger is active.  
[2025-04-30 15:50:52] TaskManagementApp.INFO: Bootstrap initialized. Logger is active.  
[2025-04-30 15:50:52] TaskManagementApp.INFO: Bootstrap initialized. Logger is active.  
[2025-04-30 15:50:52] TaskManagementApp.INFO: Bootstrap initialized. Logger is active.  
[2025-04-30 15:51:50] TaskManagementApp.INFO: Bootstrap initialized. Logger is active.  
[2025-04-30 15:51:50] TaskManagementApp.INFO: Bootstrap initialized. Logger is active.  
[2025-04-30 15:51:51] TaskManagementApp.INFO: Bootstrap initialized. Logger is active.  
[2025-04-30 15:51:51] TaskManagementApp.INFO: Bootstrap initialized. Logger is active.  
[2025-04-30 15:51:53] TaskManagementApp.INFO: Bootstrap initialized. Logger is active.  
[2025-04-30 15:51:53] TaskManagementApp.INFO: Bootstrap initialized. Logger is active.  
[2025-04-30 15:51:55] TaskManagementApp.INFO: Bootstrap initialized. Logger is active.  
[2025-04-30 15:51:55] TaskManagementApp.INFO: Bootstrap initialized. Logger is active.  
[2025-04-30 15:51:55] TaskManagementApp.INFO: Bootstrap initialized. Logger is active.  
[2025-04-30 15:52:20] TaskManagementApp.INFO: Bootstrap initialized. Logger is active.  
[2025-04-30 15:52:20] TaskManagementApp.INFO: Bootstrap initialized. Logger is active.  
[2025-04-30 15:58:59] TaskManagementApp.INFO: Bootstrap initialized. Logger is active.  
[2025-04-30 15:58:59] TaskManagementApp.INFO: Bootstrap initialized. Logger is active.  
[2025-04-30 15:58:59] TaskManagementApp.INFO: Bootstrap initialized. Logger is active.  
[2025-04-30 15:58:59] TaskManagementApp.INFO: Bootstrap initialized. Logger is active.  
[2025-04-30 15:59:00] TaskManagementApp.INFO: Bootstrap initialized. Logger is active.  
[2025-04-30 15:59:00] TaskManagementApp.INFO: Bootstrap initialized. Logger is active.  
[2025-04-30 15:59:00] TaskManagementApp.INFO: Bootstrap initialized. Logger is active.  
[2025-04-30 15:59:00] TaskManagementApp.INFO: Bootstrap initialized. Logger is active.  
[2025-04-30 15:59:00] TaskManagementApp.INFO: Bootstrap initialized. Logger is active.  
[2025-04-30 15:59:00] TaskManagementApp.INFO: Bootstrap initialized. Logger is active.  
[2025-04-30 15:59:00] TaskManagementApp.INFO: Bootstrap initialized. Logger is active.  
[2025-04-30 15:59:00] TaskManagementApp.INFO: Bootstrap initialized. Logger is active.  
[2025-04-30 15:59:00] TaskManagementApp.INFO: Bootstrap initialized. Logger is active.  
[2025-04-30 15:59:00] TaskManagementApp.INFO: Bootstrap initialized. Logger is active.  
[2025-04-30 15:59:00] TaskManagementApp.INFO: Bootstrap initialized. Logger is active.  
[2025-04-30 15:59:00] TaskManagementApp.INFO: Bootstrap initialized. Logger is active.  
[2025-04-30 15:59:00] TaskManagementApp.INFO: Bootstrap initialized. Logger is active.  
[2025-04-30 15:59:00] TaskManagementApp.INFO: Bootstrap initialized. Logger is active.  
[2025-04-30 15:59:00] TaskManagementApp.INFO: Bootstrap initialized. Logger is active.  
[2025-04-30 15:59:00] TaskManagementApp.INFO: Bootstrap initialized. Logger is active.  
[2025-04-30 15:59:00] TaskManagementApp.INFO: Bootstrap initialized. Logger is active.  
[2025-04-30 15:59:00] TaskManagementApp.INFO: Bootstrap initialized. Logger is active.  
[2025-04-30 15:59:00] TaskManagementApp.INFO: Bootstrap initialized. Logger is active.  
[2025-04-30 15:59:00] TaskManagementApp.INFO: Bootstrap initialized. Logger is active.  
[2025-04-30 15:59:01] TaskManagementApp.INFO: Bootstrap initialized. Logger is active.  
[2025-04-30 15:59:01] TaskManagementApp.INFO: Bootstrap initialized. Logger is active.  
[2025-04-30 15:59:01] TaskManagementApp.INFO: Bootstrap initialized. Logger is active.  
[2025-04-30 15:59:01] TaskManagementApp.INFO: Bootstrap initialized. Logger is active.  
[2025-04-30 15:59:01] TaskManagementApp.INFO: Bootstrap initialized. Logger is active.  
[2025-04-30 15:59:01] TaskManagementApp.INFO: Bootstrap initialized. Logger is active.  
[2025-04-30 15:59:01] TaskManagementApp.INFO: Bootstrap initialized. Logger is active.  
[2025-04-30 15:59:01] TaskManagementApp.INFO: Bootstrap initialized. Logger is active.  
[2025-04-30 15:59:01] TaskManagementApp.INFO: Bootstrap initialized. Logger is active.  
[2025-04-30 15:59:01] TaskManagementApp.INFO: Bootstrap initialized. Logger is active.  
[2025-04-30 15:59:01] TaskManagementApp.INFO: Bootstrap initialized. Logger is active.  
[2025-04-30 15:59:01] TaskManagementApp.INFO: Bootstrap initialized. Logger is active.  
[2025-04-30 15:59:53] TaskManagementApp.INFO: Bootstrap initialized. Logger is active.  
[2025-04-30 15:59:53] TaskManagementApp.INFO: Bootstrap initialized. Logger is active.  
[2025-04-30 15:59:53] TaskManagementApp.INFO: Bootstrap initialized. Logger is active.  
[2025-04-30 16:04:14] TaskManagementApp.INFO: Bootstrap initialized. Logger is active.  
[2025-04-30 16:04:14] TaskManagementApp.INFO: Bootstrap initialized. Logger is active.  
[2025-04-30 16:04:14] TaskManagementApp.INFO: Bootstrap initialized. Logger is active.  
[2025-04-30 16:04:14] TaskManagementApp.INFO: Bootstrap initialized. Logger is active.  
[2025-04-30 16:04:15] TaskManagementApp.INFO: Bootstrap initialized. Logger is active.  
[2025-04-30 16:04:15] TaskManagementApp.INFO: Bootstrap initialized. Logger is active.  
[2025-04-30 16:04:15] TaskManagementApp.INFO: Bootstrap initialized. Logger is active.  
[2025-04-30 16:04:15] TaskManagementApp.INFO: Bootstrap initialized. Logger is active.  
[2025-04-30 16:04:15] TaskManagementApp.INFO: Bootstrap initialized. Logger is active.  
[2025-04-30 16:04:15] TaskManagementApp.INFO: Bootstrap initialized. Logger is active.  
[2025-04-30 16:04:15] TaskManagementApp.INFO: Bootstrap initialized. Logger is active.  
[2025-04-30 16:04:15] TaskManagementApp.INFO: Bootstrap initialized. Logger is active.  
[2025-04-30 16:04:15] TaskManagementApp.INFO: Bootstrap initialized. Logger is active.  
[2025-04-30 16:04:15] TaskManagementApp.INFO: Bootstrap initialized. Logger is active.  
[2025-04-30 16:04:15] TaskManagementApp.INFO: Bootstrap initialized. Logger is active.  
[2025-04-30 16:04:15] TaskManagementApp.INFO: Bootstrap initialized. Logger is active.  
[2025-04-30 16:04:16] TaskManagementApp.INFO: Bootstrap initialized. Logger is active.  
[2025-04-30 16:04:16] TaskManagementApp.INFO: Bootstrap initialized. Logger is active.  
[2025-04-30 16:04:16] TaskManagementApp.INFO: Bootstrap initialized. Logger is active.  
[2025-04-30 16:04:16] TaskManagementApp.INFO: Bootstrap initialized. Logger is active.  
[2025-04-30 16:04:16] TaskManagementApp.INFO: Bootstrap initialized. Logger is active.  
[2025-04-30 16:04:16] TaskManagementApp.INFO: Bootstrap initialized. Logger is active.  
[2025-04-30 16:04:16] TaskManagementApp.INFO: Bootstrap initialized. Logger is active.  
[2025-04-30 16:04:16] TaskManagementApp.INFO: Bootstrap initialized. Logger is active.  
[2025-04-30 16:04:16] TaskManagementApp.INFO: Bootstrap initialized. Logger is active.  
[2025-04-30 16:04:16] TaskManagementApp.INFO: Bootstrap initialized. Logger is active.  
[2025-04-30 16:04:16] TaskManagementApp.INFO: Bootstrap initialized. Logger is active.  
[2025-04-30 16:04:16] TaskManagementApp.INFO: Bootstrap initialized. Logger is active.  
[2025-04-30 16:04:16] TaskManagementApp.INFO: Bootstrap initialized. Logger is active.  
[2025-04-30 16:04:16] TaskManagementApp.INFO: Bootstrap initialized. Logger is active.  
[2025-04-30 16:04:16] TaskManagementApp.INFO: Bootstrap initialized. Logger is active.  
[2025-04-30 16:04:16] TaskManagementApp.INFO: Bootstrap initialized. Logger is active.  
[2025-04-30 16:04:17] TaskManagementApp.INFO: Bootstrap initialized. Logger is active.  
[2025-04-30 16:04:17] TaskManagementApp.INFO: Bootstrap initialized. Logger is active.  
[2025-04-30 16:04:17] TaskManagementApp.INFO: Bootstrap initialized. Logger is active.  
[2025-04-30 16:04:17] TaskManagementApp.INFO: Bootstrap initialized. Logger is active.  
[2025-04-30 16:04:17] TaskManagementApp.INFO: Bootstrap initialized. Logger is active.  
[2025-04-30 16:04:17] TaskManagementApp.INFO: Bootstrap initialized. Logger is active.  
[2025-04-30 16:04:17] TaskManagementApp.INFO: Bootstrap initialized. Logger is active.  
[2025-04-30 16:04:18] TaskManagementApp.INFO: Bootstrap initialized. Logger is active.  
[2025-04-30 16:04:18] TaskManagementApp.INFO: Bootstrap initialized. Logger is active.  
[2025-04-30 16:04:18] TaskManagementApp.INFO: Bootstrap initialized. Logger is active.  
[2025-04-30 16:04:18] TaskManagementApp.INFO: Bootstrap initialized. Logger is active.  
[2025-04-30 16:04:18] TaskManagementApp.INFO: Bootstrap initialized. Logger is active.  
[2025-04-30 16:04:19] TaskManagementApp.INFO: Bootstrap initialized. Logger is active.  
[2025-04-30 16:04:20] TaskManagementApp.INFO: Bootstrap initialized. Logger is active.  
[2025-04-30 16:04:20] TaskManagementApp.INFO: Bootstrap initialized. Logger is active.  
[2025-04-30 16:04:20] TaskManagementApp.INFO: Bootstrap initialized. Logger is active.  
[2025-04-30 16:04:20] TaskManagementApp.INFO: Bootstrap initialized. Logger is active.  
[2025-04-30 16:04:20] TaskManagementApp.INFO: Bootstrap initialized. Logger is active.  
[2025-04-30 16:04:20] TaskManagementApp.INFO: Bootstrap initialized. Logger is active.  
[2025-04-30 16:04:20] TaskManagementApp.INFO: Bootstrap initialized. Logger is active.  
[2025-04-30 16:04:20] TaskManagementApp.INFO: Bootstrap initialized. Logger is active.  
[2025-04-30 16:04:20] TaskManagementApp.INFO: Bootstrap initialized. Logger is active.  
[2025-04-30 16:04:21] TaskManagementApp.INFO: Bootstrap initialized. Logger is active.  
[2025-04-30 16:04:21] TaskManagementApp.INFO: Bootstrap initialized. Logger is active.  
[2025-04-30 16:04:21] TaskManagementApp.INFO: Bootstrap initialized. Logger is active.  
[2025-04-30 16:04:21] TaskManagementApp.INFO: Bootstrap initialized. Logger is active.  
[2025-04-30 16:04:21] TaskManagementApp.INFO: Bootstrap initialized. Logger is active.  
[2025-04-30 16:04:22] TaskManagementApp.INFO: Bootstrap initialized. Logger is active.  
[2025-04-30 16:04:22] TaskManagementApp.INFO: Bootstrap initialized. Logger is active.  
[2025-04-30 16:04:22] TaskManagementApp.INFO: Bootstrap initialized. Logger is active.  
[2025-04-30 16:04:22] TaskManagementApp.INFO: Bootstrap initialized. Logger is active.  
[2025-04-30 16:04:22] TaskManagementApp.INFO: Bootstrap initialized. Logger is active.  
[2025-04-30 16:05:01] TaskManagementApp.INFO: Bootstrap initialized. Logger is active.  
[2025-04-30 16:05:02] TaskManagementApp.INFO: Bootstrap initialized. Logger is active.  
[2025-04-30 16:05:02] TaskManagementApp.INFO: Bootstrap initialized. Logger is active.  
[2025-04-30 16:05:02] TaskManagementApp.INFO: Bootstrap initialized. Logger is active.  
[2025-04-30 16:05:02] TaskManagementApp.INFO: Bootstrap initialized. Logger is active.  
[2025-04-30 16:05:17] TaskManagementApp.INFO: Bootstrap initialized. Logger is active.  
[2025-04-30 16:05:17] TaskManagementApp.INFO: Bootstrap initialized. Logger is active.  
[2025-04-30 16:05:17] TaskManagementApp.INFO: Bootstrap initialized. Logger is active.  
[2025-04-30 16:05:17] TaskManagementApp.INFO: Bootstrap initialized. Logger is active.  
[2025-04-30 16:05:17] TaskManagementApp.INFO: Bootstrap initialized. Logger is active.  
[2025-04-30 16:06:17] TaskManagementApp.INFO: Bootstrap initialized. Logger is active.  
[2025-04-30 16:06:17] TaskManagementApp.INFO: Bootstrap initialized. Logger is active.  
[2025-04-30 16:07:08] TaskManagementApp.INFO: Bootstrap initialized. Logger is active.  
[2025-04-30 16:07:08] TaskManagementApp.INFO: Bootstrap initialized. Logger is active.  
[2025-04-30 16:07:58] TaskManagementApp.INFO: Bootstrap initialized. Logger is active.  
[2025-04-30 16:07:58] TaskManagementApp.INFO: Bootstrap initialized. Logger is active.  
[2025-04-30 16:08:54] TaskManagementApp.INFO: Bootstrap initialized. Logger is active.  
[2025-04-30 16:08:54] TaskManagementApp.INFO: Bootstrap initialized. Logger is active.  
[2025-04-30 16:08:56] TaskManagementApp.INFO: Bootstrap initialized. Logger is active.  
[2025-04-30 16:08:56] TaskManagementApp.INFO: Bootstrap initialized. Logger is active.  
[2025-04-30 16:10:40] TaskManagementApp.INFO: Bootstrap initialized. Logger is active.  
[2025-04-30 16:10:40] TaskManagementApp.INFO: Bootstrap initialized. Logger is active.  
[2025-04-30 16:10:40] TaskManagementApp.INFO: Bootstrap initialized. Logger is active.  
[2025-04-30 16:10:40] TaskManagementApp.INFO: Bootstrap initialized. Logger is active.  
[2025-04-30 16:10:40] TaskManagementApp.INFO: Bootstrap initialized. Logger is active.  
[2025-04-30 16:10:42] TaskManagementApp.INFO: Bootstrap initialized. Logger is active.  
[2025-04-30 16:10:42] TaskManagementApp.INFO: Bootstrap initialized. Logger is active.  
[2025-04-30 16:10:42] TaskManagementApp.INFO: Bootstrap initialized. Logger is active.  
[2025-04-30 16:10:42] TaskManagementApp.INFO: Bootstrap initialized. Logger is active.  
[2025-04-30 16:10:42] TaskManagementApp.INFO: Bootstrap initialized. Logger is active.  
[2025-04-30 16:10:52] TaskManagementApp.INFO: Bootstrap initialized. Logger is active.  
[2025-04-30 16:10:52] TaskManagementApp.INFO: Bootstrap initialized. Logger is active.  
[2025-04-30 16:10:52] TaskManagementApp.INFO: Bootstrap initialized. Logger is active.  
[2025-04-30 16:10:52] TaskManagementApp.INFO: Bootstrap initialized. Logger is active.  
[2025-04-30 16:10:52] TaskManagementApp.INFO: Bootstrap initialized. Logger is active.  
[2025-04-30 16:11:40] TaskManagementApp.INFO: Bootstrap initialized. Logger is active.  
[2025-04-30 16:11:40] TaskManagementApp.INFO: Bootstrap initialized. Logger is active.  
[2025-04-30 16:11:40] TaskManagementApp.INFO: Bootstrap initialized. Logger is active.  
[2025-04-30 16:11:40] TaskManagementApp.INFO: Bootstrap initialized. Logger is active.  
[2025-04-30 16:11:40] TaskManagementApp.INFO: Bootstrap initialized. Logger is active.  
[2025-04-30 16:11:42] TaskManagementApp.INFO: Bootstrap initialized. Logger is active.  
[2025-04-30 16:11:42] TaskManagementApp.INFO: Bootstrap initialized. Logger is active.  
[2025-04-30 16:11:42] TaskManagementApp.INFO: Bootstrap initialized. Logger is active.  
[2025-04-30 16:11:42] TaskManagementApp.INFO: Bootstrap initialized. Logger is active.  
[2025-04-30 16:11:42] TaskManagementApp.INFO: Bootstrap initialized. Logger is active.  
[2025-04-30 16:11:44] TaskManagementApp.INFO: Bootstrap initialized. Logger is active.  
[2025-04-30 16:11:44] TaskManagementApp.INFO: Bootstrap initialized. Logger is active.  
[2025-04-30 16:11:44] TaskManagementApp.INFO: Bootstrap initialized. Logger is active.  
[2025-04-30 16:11:46] TaskManagementApp.INFO: Bootstrap initialized. Logger is active.  
[2025-04-30 16:11:46] TaskManagementApp.INFO: Bootstrap initialized. Logger is active.  
[2025-04-30 16:11:46] TaskManagementApp.INFO: Bootstrap initialized. Logger is active.  
[2025-04-30 16:11:46] TaskManagementApp.INFO: Bootstrap initialized. Logger is active.  
[2025-04-30 16:11:46] TaskManagementApp.INFO: Bootstrap initialized. Logger is active.  
[2025-04-30 16:11:47] TaskManagementApp.INFO: Bootstrap initialized. Logger is active.  
[2025-04-30 16:11:47] TaskManagementApp.INFO: Bootstrap initialized. Logger is active.  
[2025-04-30 16:11:47] TaskManagementApp.INFO: Bootstrap initialized. Logger is active.  
[2025-04-30 16:11:50] TaskManagementApp.INFO: Bootstrap initialized. Logger is active.  
[2025-04-30 16:11:50] TaskManagementApp.INFO: Bootstrap initialized. Logger is active.  
[2025-04-30 16:11:50] TaskManagementApp.INFO: Bootstrap initialized. Logger is active.  
[2025-04-30 16:11:50] TaskManagementApp.INFO: Bootstrap initialized. Logger is active.  
[2025-04-30 16:11:50] TaskManagementApp.INFO: Bootstrap initialized. Logger is active.  
[2025-04-30 16:11:51] TaskManagementApp.INFO: Bootstrap initialized. Logger is active.  
[2025-04-30 16:11:51] TaskManagementApp.INFO: Bootstrap initialized. Logger is active.  
[2025-04-30 16:11:51] TaskManagementApp.INFO: Bootstrap initialized. Logger is active.  
[2025-04-30 16:11:51] TaskManagementApp.INFO: Bootstrap initialized. Logger is active.  
[2025-04-30 16:11:51] TaskManagementApp.INFO: Bootstrap initialized. Logger is active.  
[2025-04-30 16:11:53] TaskManagementApp.INFO: Bootstrap initialized. Logger is active.  
[2025-04-30 16:11:53] TaskManagementApp.INFO: Bootstrap initialized. Logger is active.  
[2025-04-30 16:11:53] TaskManagementApp.INFO: Bootstrap initialized. Logger is active.  
[2025-04-30 16:11:56] TaskManagementApp.INFO: Bootstrap initialized. Logger is active.  
[2025-04-30 16:11:56] TaskManagementApp.INFO: Bootstrap initialized. Logger is active.  
[2025-04-30 16:11:56] TaskManagementApp.INFO: Bootstrap initialized. Logger is active.  
[2025-04-30 16:11:56] TaskManagementApp.INFO: Bootstrap initialized. Logger is active.  
[2025-04-30 16:11:56] TaskManagementApp.INFO: Bootstrap initialized. Logger is active.  
[2025-04-30 16:11:58] TaskManagementApp.INFO: Bootstrap initialized. Logger is active.  
[2025-04-30 16:11:58] TaskManagementApp.INFO: Bootstrap initialized. Logger is active.  
[2025-04-30 16:11:58] TaskManagementApp.INFO: Bootstrap initialized. Logger is active.  
[2025-04-30 16:11:58] TaskManagementApp.INFO: Bootstrap initialized. Logger is active.  
[2025-04-30 16:11:58] TaskManagementApp.INFO: Bootstrap initialized. Logger is active.  
[2025-04-30 16:12:00] TaskManagementApp.INFO: Bootstrap initialized. Logger is active.  
[2025-04-30 16:12:00] TaskManagementApp.INFO: Bootstrap initialized. Logger is active.  
[2025-04-30 16:12:00] TaskManagementApp.INFO: Bootstrap initialized. Logger is active.  
[2025-04-30 16:12:00] TaskManagementApp.INFO: Bootstrap initialized. Logger is active.  
[2025-04-30 16:12:00] TaskManagementApp.INFO: Bootstrap initialized. Logger is active.  
[2025-04-30 16:12:01] TaskManagementApp.INFO: Bootstrap initialized. Logger is active.  
[2025-04-30 16:12:01] TaskManagementApp.INFO: Bootstrap initialized. Logger is active.  
[2025-04-30 16:12:01] TaskManagementApp.INFO: Bootstrap initialized. Logger is active.  
[2025-04-30 16:12:01] TaskManagementApp.INFO: Bootstrap initialized. Logger is active.  
[2025-04-30 16:12:01] TaskManagementApp.INFO: Bootstrap initialized. Logger is active.  
[2025-04-30 16:15:03] TaskManagementApp.INFO: Bootstrap initialized. Logger is active.  
[2025-04-30 16:15:03] TaskManagementApp.INFO: Bootstrap initialized. Logger is active.  
[2025-04-30 16:15:05] TaskManagementApp.INFO: Bootstrap initialized. Logger is active.  
[2025-04-30 16:15:05] TaskManagementApp.INFO: Bootstrap initialized. Logger is active.  
[2025-04-30 16:15:10] TaskManagementApp.INFO: Bootstrap initialized. Logger is active.  
[2025-04-30 16:15:10] TaskManagementApp.INFO: Bootstrap initialized. Logger is active.  
[2025-04-30 16:17:34] TaskManagementApp.INFO: Bootstrap initialized. Logger is active.  
[2025-04-30 16:17:34] TaskManagementApp.ERROR: Error fetching task by ID: SQLSTATE[42S22]: Column not found: 1054 Unknown column 'u_assignee.fullname' in 'field list' {"task_id":56} 
[2025-04-30 16:17:34] TaskManagementApp.WARNING: Task not found for view. {"id":56} 
[2025-04-30 16:17:34] TaskManagementApp.ERROR: Error fetching task by ID: SQLSTATE[42S22]: Column not found: 1054 Unknown column 'u_assignee.fullname' in 'field list' {"task_id":56} 
[2025-04-30 16:17:34] TaskManagementApp.INFO: Bootstrap initialized. Logger is active.  
[2025-04-30 16:17:36] TaskManagementApp.INFO: Bootstrap initialized. Logger is active.  
[2025-04-30 16:17:36] TaskManagementApp.ERROR: Error fetching recent tasks: SQLSTATE[42S22]: Column not found: 1054 Unknown column 'u_assignee.fullname' in 'field list' {"sql":"SELECT

                        t.id, t.title, t.status, t.priority, t.due_date, t.created_at,

                        u_assignee.fullname as assignee_name -- Düzəliş: assignee_name -> assignee_fullname

                    FROM tasks t

                    LEFT JOIN users u_assignee ON t.assignee_id = u_assignee.id ORDER BY t.created_at DESC LIMIT :limit","params":{":limit":5}} 
[2025-04-30 16:17:36] TaskManagementApp.ERROR: Error fetching recent tasks: SQLSTATE[42S22]: Column not found: 1054 Unknown column 'u_assignee.fullname' in 'field list' {"sql":"SELECT

                        t.id, t.title, t.status, t.priority, t.due_date, t.created_at,

                        u_assignee.fullname as assignee_name -- Düzəliş: assignee_name -> assignee_fullname

                    FROM tasks t

                    LEFT JOIN users u_assignee ON t.assignee_id = u_assignee.id ORDER BY t.created_at DESC LIMIT :limit","params":{":limit":9}} 
[2025-04-30 16:17:36] TaskManagementApp.INFO: Bootstrap initialized. Logger is active.  
[2025-04-30 16:17:39] TaskManagementApp.INFO: Bootstrap initialized. Logger is active.  
[2025-04-30 16:17:39] TaskManagementApp.INFO: Bootstrap initialized. Logger is active.  
[2025-04-30 16:17:40] TaskManagementApp.INFO: Bootstrap initialized. Logger is active.  
[2025-04-30 16:17:40] TaskManagementApp.ERROR: Error fetching recent tasks: SQLSTATE[42S22]: Column not found: 1054 Unknown column 'u_assignee.fullname' in 'field list' {"sql":"SELECT

                        t.id, t.title, t.status, t.priority, t.due_date, t.created_at,

                        u_assignee.fullname as assignee_name -- Düzəliş: assignee_name -> assignee_fullname

                    FROM tasks t

                    LEFT JOIN users u_assignee ON t.assignee_id = u_assignee.id ORDER BY t.created_at DESC LIMIT :limit","params":{":limit":5}} 
[2025-04-30 16:17:40] TaskManagementApp.ERROR: Error fetching recent tasks: SQLSTATE[42S22]: Column not found: 1054 Unknown column 'u_assignee.fullname' in 'field list' {"sql":"SELECT

                        t.id, t.title, t.status, t.priority, t.due_date, t.created_at,

                        u_assignee.fullname as assignee_name -- Düzəliş: assignee_name -> assignee_fullname

                    FROM tasks t

                    LEFT JOIN users u_assignee ON t.assignee_id = u_assignee.id ORDER BY t.created_at DESC LIMIT :limit","params":{":limit":9}} 
[2025-04-30 16:17:40] TaskManagementApp.INFO: Bootstrap initialized. Logger is active.  
[2025-04-30 16:18:00] TaskManagementApp.INFO: Bootstrap initialized. Logger is active.  
[2025-04-30 16:18:00] TaskManagementApp.ERROR: Error fetching recent tasks: SQLSTATE[42S22]: Column not found: 1054 Unknown column 'u_assignee.fullname' in 'field list' {"sql":"SELECT

                        t.id, t.title, t.status, t.priority, t.due_date, t.created_at,

                        u_assignee.fullname as assignee_name -- Düzəliş: assignee_name -> assignee_fullname

                    FROM tasks t

                    LEFT JOIN users u_assignee ON t.assignee_id = u_assignee.id ORDER BY t.created_at DESC LIMIT :limit","params":{":limit":5}} 
[2025-04-30 16:18:00] TaskManagementApp.ERROR: Error fetching recent tasks: SQLSTATE[42S22]: Column not found: 1054 Unknown column 'u_assignee.fullname' in 'field list' {"sql":"SELECT

                        t.id, t.title, t.status, t.priority, t.due_date, t.created_at,

                        u_assignee.fullname as assignee_name -- Düzəliş: assignee_name -> assignee_fullname

                    FROM tasks t

                    LEFT JOIN users u_assignee ON t.assignee_id = u_assignee.id ORDER BY t.created_at DESC LIMIT :limit","params":{":limit":9}} 
[2025-04-30 16:18:00] TaskManagementApp.INFO: Bootstrap initialized. Logger is active.  
[2025-04-30 16:18:25] TaskManagementApp.INFO: Bootstrap initialized. Logger is active.  
[2025-04-30 16:18:25] TaskManagementApp.ERROR: Error fetching recent tasks: SQLSTATE[42S22]: Column not found: 1054 Unknown column 'u_assignee.fullname' in 'field list' {"sql":"SELECT

                        t.id, t.title, t.status, t.priority, t.due_date, t.created_at,

                        u_assignee.fullname as assignee_name -- Düzəliş: assignee_name -> assignee_fullname

                    FROM tasks t

                    LEFT JOIN users u_assignee ON t.assignee_id = u_assignee.id ORDER BY t.created_at DESC LIMIT :limit","params":{":limit":5}} 
[2025-04-30 16:18:25] TaskManagementApp.ERROR: Error fetching recent tasks: SQLSTATE[42S22]: Column not found: 1054 Unknown column 'u_assignee.fullname' in 'field list' {"sql":"SELECT

                        t.id, t.title, t.status, t.priority, t.due_date, t.created_at,

                        u_assignee.fullname as assignee_name -- Düzəliş: assignee_name -> assignee_fullname

                    FROM tasks t

                    LEFT JOIN users u_assignee ON t.assignee_id = u_assignee.id ORDER BY t.created_at DESC LIMIT :limit","params":{":limit":9}} 
[2025-04-30 16:18:25] TaskManagementApp.INFO: Bootstrap initialized. Logger is active.  
[2025-04-30 16:18:25] TaskManagementApp.INFO: Bootstrap initialized. Logger is active.  
[2025-04-30 16:18:25] TaskManagementApp.INFO: Bootstrap initialized. Logger is active.  
[2025-04-30 16:18:25] TaskManagementApp.INFO: Bootstrap initialized. Logger is active.  
[2025-04-30 16:18:27] TaskManagementApp.INFO: Bootstrap initialized. Logger is active.  
[2025-04-30 16:18:27] TaskManagementApp.INFO: Bootstrap initialized. Logger is active.  
[2025-04-30 16:18:27] TaskManagementApp.INFO: Bootstrap initialized. Logger is active.  
[2025-04-30 16:18:27] TaskManagementApp.INFO: Bootstrap initialized. Logger is active.  
[2025-04-30 16:18:27] TaskManagementApp.INFO: Bootstrap initialized. Logger is active.  
[2025-04-30 16:18:29] TaskManagementApp.INFO: Bootstrap initialized. Logger is active.  
[2025-04-30 16:18:29] TaskManagementApp.ERROR: Error fetching tasks: SQLSTATE[42S22]: Column not found: 1054 Unknown column 't.completed_at' in 'field list' {"sql":"SELECT

                        t.id, t.title, t.description, t.status, t.priority, t.due_date, t.created_at, t.start_date, t.completed_at,

                        d.name as department_name,

                        c.name as category_name, c.color as category_color,

                        u_assignee.fullname as assignee_name, -- Düzəliş: assignee_name -> assignee_fullname

                        u_creator.fullname as creator_name, -- Düzəliş: creator_name -> creator_fullname

                        t.assignee_id, t.created_by -- İcazə yoxlamaları üçün lazım ola bilər

                    FROM tasks t

                    LEFT JOIN departments d ON t.department_id = d.id

                    LEFT JOIN categories c ON t.category_id = c.id

                    LEFT JOIN users u_assignee ON t.assignee_id = u_assignee.id

                    LEFT JOIN users u_creator ON t.created_by = u_creator.id ORDER BY t.due_date ASC, FIELD(t.priority, 'high', 'medium', 'low'), t.created_at DESC","params":[]} 
[2025-04-30 16:18:29] TaskManagementApp.ERROR: Failed to load data for task index page. One or more models returned false.  
[2025-04-30 16:18:29] TaskManagementApp.INFO: Bootstrap initialized. Logger is active.  
[2025-04-30 16:18:29] TaskManagementApp.INFO: Bootstrap initialized. Logger is active.  
[2025-04-30 16:18:29] TaskManagementApp.INFO: Bootstrap initialized. Logger is active.  
[2025-04-30 16:18:29] TaskManagementApp.INFO: Bootstrap initialized. Logger is active.  
[2025-04-30 16:18:31] TaskManagementApp.INFO: Bootstrap initialized. Logger is active.  
[2025-04-30 16:18:31] TaskManagementApp.INFO: Bootstrap initialized. Logger is active.  
[2025-04-30 16:18:31] TaskManagementApp.INFO: Bootstrap initialized. Logger is active.  
[2025-04-30 16:18:31] TaskManagementApp.INFO: Bootstrap initialized. Logger is active.  
[2025-04-30 16:18:31] TaskManagementApp.INFO: Bootstrap initialized. Logger is active.  
[2025-04-30 16:18:33] TaskManagementApp.INFO: Bootstrap initialized. Logger is active.  
[2025-04-30 16:18:33] TaskManagementApp.INFO: Bootstrap initialized. Logger is active.  
[2025-04-30 16:18:33] TaskManagementApp.INFO: Bootstrap initialized. Logger is active.  
[2025-04-30 16:18:34] TaskManagementApp.INFO: Bootstrap initialized. Logger is active.  
[2025-04-30 16:18:34] TaskManagementApp.INFO: Bootstrap initialized. Logger is active.  
[2025-04-30 16:18:34] TaskManagementApp.INFO: Bootstrap initialized. Logger is active.  
[2025-04-30 16:18:34] TaskManagementApp.INFO: Bootstrap initialized. Logger is active.  
[2025-04-30 16:18:34] TaskManagementApp.INFO: Bootstrap initialized. Logger is active.  
[2025-04-30 16:18:36] TaskManagementApp.INFO: Bootstrap initialized. Logger is active.  
[2025-04-30 16:18:36] TaskManagementApp.ERROR: Error fetching recent tasks: SQLSTATE[42S22]: Column not found: 1054 Unknown column 'u_assignee.fullname' in 'field list' {"sql":"SELECT

                        t.id, t.title, t.status, t.priority, t.due_date, t.created_at,

                        u_assignee.fullname as assignee_name -- Düzəliş: assignee_name -> assignee_fullname

                    FROM tasks t

                    LEFT JOIN users u_assignee ON t.assignee_id = u_assignee.id ORDER BY t.created_at DESC LIMIT :limit","params":{":limit":5}} 
[2025-04-30 16:18:36] TaskManagementApp.ERROR: Error fetching recent tasks: SQLSTATE[42S22]: Column not found: 1054 Unknown column 'u_assignee.fullname' in 'field list' {"sql":"SELECT

                        t.id, t.title, t.status, t.priority, t.due_date, t.created_at,

                        u_assignee.fullname as assignee_name -- Düzəliş: assignee_name -> assignee_fullname

                    FROM tasks t

                    LEFT JOIN users u_assignee ON t.assignee_id = u_assignee.id ORDER BY t.created_at DESC LIMIT :limit","params":{":limit":9}} 
[2025-04-30 16:18:36] TaskManagementApp.INFO: Bootstrap initialized. Logger is active.  
[2025-04-30 16:18:36] TaskManagementApp.INFO: Bootstrap initialized. Logger is active.  
[2025-04-30 16:18:36] TaskManagementApp.INFO: Bootstrap initialized. Logger is active.  
[2025-04-30 16:18:36] TaskManagementApp.INFO: Bootstrap initialized. Logger is active.  
[2025-04-30 16:21:03] TaskManagementApp.INFO: Bootstrap initialized. Logger is active.  
[2025-04-30 16:21:03] TaskManagementApp.ERROR: Error fetching recent tasks: SQLSTATE[42S22]: Column not found: 1054 Unknown column 'u_assignee.fullname' in 'field list' {"sql":"SELECT

                        t.id, t.title, t.status, t.priority, t.due_date, t.created_at,

                        u_assignee.fullname as assignee_name -- Düzəliş: assignee_name -> assignee_fullname

                    FROM tasks t

                    LEFT JOIN users u_assignee ON t.assignee_id = u_assignee.id ORDER BY t.created_at DESC LIMIT :limit","params":{":limit":5}} 
[2025-04-30 16:21:03] TaskManagementApp.ERROR: Error fetching recent tasks: SQLSTATE[42S22]: Column not found: 1054 Unknown column 'u_assignee.fullname' in 'field list' {"sql":"SELECT

                        t.id, t.title, t.status, t.priority, t.due_date, t.created_at,

                        u_assignee.fullname as assignee_name -- Düzəliş: assignee_name -> assignee_fullname

                    FROM tasks t

                    LEFT JOIN users u_assignee ON t.assignee_id = u_assignee.id ORDER BY t.created_at DESC LIMIT :limit","params":{":limit":9}} 
[2025-04-30 16:21:03] TaskManagementApp.ERROR: Error fetching overdue tasks list: SQLSTATE[42S22]: Column not found: 1054 Unknown column 'u_assignee.fullname' in 'field list' {"sql":"SELECT

                        t.id, t.title, t.status, t.priority, t.due_date,

                        u_assignee.fullname as assignee_name

                    FROM tasks t

                    LEFT JOIN users u_assignee ON t.assignee_id = u_assignee.id WHERE t.status NOT IN ('completed', 'declined') AND t.due_date < CURDATE() ORDER BY t.due_date ASC LIMIT :limit","params":{":limit":9}} 
[2025-04-30 16:21:03] TaskManagementApp.INFO: Bootstrap initialized. Logger is active.  
[2025-04-30 16:21:03] TaskManagementApp.INFO: Bootstrap initialized. Logger is active.  
[2025-04-30 16:21:03] TaskManagementApp.INFO: Bootstrap initialized. Logger is active.  
[2025-04-30 16:21:03] TaskManagementApp.INFO: Bootstrap initialized. Logger is active.  
[2025-04-30 16:21:04] TaskManagementApp.INFO: Bootstrap initialized. Logger is active.  
[2025-04-30 16:21:05] TaskManagementApp.INFO: Bootstrap initialized. Logger is active.  
[2025-04-30 16:21:05] TaskManagementApp.INFO: Bootstrap initialized. Logger is active.  
[2025-04-30 16:21:05] TaskManagementApp.INFO: Bootstrap initialized. Logger is active.  
[2025-04-30 16:21:05] TaskManagementApp.INFO: Bootstrap initialized. Logger is active.  
[2025-04-30 16:21:14] TaskManagementApp.INFO: Bootstrap initialized. Logger is active.  
[2025-04-30 16:21:14] TaskManagementApp.INFO: Bootstrap initialized. Logger is active.  
[2025-04-30 16:21:14] TaskManagementApp.INFO: Bootstrap initialized. Logger is active.  
[2025-04-30 16:21:14] TaskManagementApp.INFO: Bootstrap initialized. Logger is active.  
[2025-04-30 16:21:14] TaskManagementApp.INFO: Bootstrap initialized. Logger is active.  
[2025-04-30 16:21:15] TaskManagementApp.INFO: Bootstrap initialized. Logger is active.  
[2025-04-30 16:21:15] TaskManagementApp.INFO: Bootstrap initialized. Logger is active.  
[2025-04-30 16:21:15] TaskManagementApp.INFO: Bootstrap initialized. Logger is active.  
[2025-04-30 16:21:15] TaskManagementApp.INFO: Bootstrap initialized. Logger is active.  
[2025-04-30 16:21:15] TaskManagementApp.INFO: Bootstrap initialized. Logger is active.  
[2025-04-30 16:21:17] TaskManagementApp.INFO: Bootstrap initialized. Logger is active.  
[2025-04-30 16:21:17] TaskManagementApp.ERROR: Error fetching tasks: SQLSTATE[42S22]: Column not found: 1054 Unknown column 't.completed_at' in 'field list' {"sql":"SELECT

                        t.id, t.title, t.description, t.status, t.priority, t.due_date, t.created_at, t.start_date, t.completed_at,

                        d.name as department_name,

                        c.name as category_name, c.color as category_color,

                        u_assignee.fullname as assignee_name, -- Düzəliş: assignee_name -> assignee_fullname

                        u_creator.fullname as creator_name, -- Düzəliş: creator_name -> creator_fullname

                        t.assignee_id, t.created_by -- İcazə yoxlamaları üçün lazım ola bilər

                    FROM tasks t

                    LEFT JOIN departments d ON t.department_id = d.id

                    LEFT JOIN categories c ON t.category_id = c.id

                    LEFT JOIN users u_assignee ON t.assignee_id = u_assignee.id

                    LEFT JOIN users u_creator ON t.created_by = u_creator.id ORDER BY t.due_date ASC, FIELD(t.priority, 'high', 'medium', 'low'), t.created_at DESC","params":[]} 
[2025-04-30 16:21:17] TaskManagementApp.ERROR: Failed to load data for task index page. One or more models returned false.  
[2025-04-30 16:21:17] TaskManagementApp.INFO: Bootstrap initialized. Logger is active.  
[2025-04-30 16:21:17] TaskManagementApp.INFO: Bootstrap initialized. Logger is active.  
[2025-04-30 16:21:17] TaskManagementApp.INFO: Bootstrap initialized. Logger is active.  
[2025-04-30 16:21:17] TaskManagementApp.INFO: Bootstrap initialized. Logger is active.  
[2025-04-30 16:24:51] TaskManagementApp.INFO: Bootstrap initialized. Logger is active.  
[2025-04-30 16:24:51] TaskManagementApp.ERROR: Error fetching recent tasks: SQLSTATE[42S22]: Column not found: 1054 Unknown column 'u_assignee.fullname' in 'field list' {"sql":"SELECT

                        t.id, t.title, t.status, t.priority, t.due_date, t.created_at,

                        u_assignee.fullname as assignee_name -- Düzəliş: assignee_name -> assignee_fullname

                    FROM tasks t

                    LEFT JOIN users u_assignee ON t.assignee_id = u_assignee.id ORDER BY t.created_at DESC LIMIT :limit","params":{":limit":5}} 
[2025-04-30 16:24:51] TaskManagementApp.ERROR: Error fetching recent tasks: SQLSTATE[42S22]: Column not found: 1054 Unknown column 'u_assignee.fullname' in 'field list' {"sql":"SELECT

                        t.id, t.title, t.status, t.priority, t.due_date, t.created_at,

                        u_assignee.fullname as assignee_name -- Düzəliş: assignee_name -> assignee_fullname

                    FROM tasks t

                    LEFT JOIN users u_assignee ON t.assignee_id = u_assignee.id ORDER BY t.created_at DESC LIMIT :limit","params":{":limit":9}} 
[2025-04-30 16:24:51] TaskManagementApp.ERROR: Error fetching overdue tasks list: SQLSTATE[42S22]: Column not found: 1054 Unknown column 'u_assignee.fullname' in 'field list' {"sql":"SELECT

                        t.id, t.title, t.status, t.priority, t.due_date,

                        u_assignee.fullname as assignee_name

                    FROM tasks t

                    LEFT JOIN users u_assignee ON t.assignee_id = u_assignee.id WHERE t.status NOT IN ('completed', 'declined') AND t.due_date < CURDATE() ORDER BY t.due_date ASC LIMIT :limit","params":{":limit":9}} 
[2025-04-30 16:24:51] TaskManagementApp.INFO: Bootstrap initialized. Logger is active.  
[2025-04-30 16:24:52] TaskManagementApp.INFO: Bootstrap initialized. Logger is active.  
[2025-04-30 16:24:52] TaskManagementApp.INFO: Bootstrap initialized. Logger is active.  
[2025-04-30 16:24:54] TaskManagementApp.INFO: Bootstrap initialized. Logger is active.  
[2025-04-30 16:24:54] TaskManagementApp.ERROR: Error fetching tasks: SQLSTATE[42S22]: Column not found: 1054 Unknown column 't.completed_at' in 'field list' {"sql":"SELECT

                        t.id, t.title, t.description, t.status, t.priority, t.due_date, t.created_at, t.start_date, t.completed_at,

                        d.name as department_name,

                        c.name as category_name, c.color as category_color,

                        u_assignee.fullname as assignee_name, -- Düzəliş: assignee_name -> assignee_fullname

                        u_creator.fullname as creator_name, -- Düzəliş: creator_name -> creator_fullname

                        t.assignee_id, t.created_by -- İcazə yoxlamaları üçün lazım ola bilər

                    FROM tasks t

                    LEFT JOIN departments d ON t.department_id = d.id

                    LEFT JOIN categories c ON t.category_id = c.id

                    LEFT JOIN users u_assignee ON t.assignee_id = u_assignee.id

                    LEFT JOIN users u_creator ON t.created_by = u_creator.id ORDER BY t.due_date ASC, FIELD(t.priority, 'high', 'medium', 'low'), t.created_at DESC","params":[]} 
[2025-04-30 16:24:54] TaskManagementApp.ERROR: Failed to load data for task index page. One or more models returned false.  
[2025-04-30 16:24:54] TaskManagementApp.INFO: Bootstrap initialized. Logger is active.  
[2025-04-30 16:26:09] TaskManagementApp.INFO: Bootstrap initialized. Logger is active.  
[2025-04-30 16:26:09] TaskManagementApp.ERROR: Error fetching tasks: SQLSTATE[42S22]: Column not found: 1054 Unknown column 't.completed_at' in 'field list' {"sql":"SELECT

                        t.id, t.title, t.description, t.status, t.priority, t.due_date, t.created_at, t.start_date, t.completed_at,

                        d.name as department_name,

                        c.name as category_name, c.color as category_color,

                        u_assignee.fullname as assignee_name, -- Düzəliş: assignee_name -> assignee_fullname

                        u_creator.fullname as creator_name, -- Düzəliş: creator_name -> creator_fullname

                        t.assignee_id, t.created_by -- İcazə yoxlamaları üçün lazım ola bilər

                    FROM tasks t

                    LEFT JOIN departments d ON t.department_id = d.id

                    LEFT JOIN categories c ON t.category_id = c.id

                    LEFT JOIN users u_assignee ON t.assignee_id = u_assignee.id

                    LEFT JOIN users u_creator ON t.created_by = u_creator.id ORDER BY t.due_date ASC, FIELD(t.priority, 'high', 'medium', 'low'), t.created_at DESC","params":[]} 
[2025-04-30 16:26:09] TaskManagementApp.ERROR: Failed to load data for task index page. One or more models returned false.  
[2025-04-30 16:26:09] TaskManagementApp.INFO: Bootstrap initialized. Logger is active.  
[2025-04-30 16:26:09] TaskManagementApp.INFO: Bootstrap initialized. Logger is active.  
[2025-04-30 16:26:09] TaskManagementApp.INFO: Bootstrap initialized. Logger is active.  
[2025-04-30 16:26:09] TaskManagementApp.INFO: Bootstrap initialized. Logger is active.  
[2025-04-30 16:26:10] TaskManagementApp.INFO: Bootstrap initialized. Logger is active.  
[2025-04-30 16:26:10] TaskManagementApp.INFO: Bootstrap initialized. Logger is active.  
[2025-04-30 16:26:10] TaskManagementApp.INFO: Bootstrap initialized. Logger is active.  
[2025-04-30 16:26:10] TaskManagementApp.INFO: Bootstrap initialized. Logger is active.  
[2025-04-30 16:26:10] TaskManagementApp.INFO: Bootstrap initialized. Logger is active.  
[2025-04-30 16:26:12] TaskManagementApp.INFO: Bootstrap initialized. Logger is active.  
[2025-04-30 16:26:12] TaskManagementApp.ERROR: Error fetching tasks: SQLSTATE[42S22]: Column not found: 1054 Unknown column 't.completed_at' in 'field list' {"sql":"SELECT

                        t.id, t.title, t.description, t.status, t.priority, t.due_date, t.created_at, t.start_date, t.completed_at,

                        d.name as department_name,

                        c.name as category_name, c.color as category_color,

                        u_assignee.fullname as assignee_name, -- Düzəliş: assignee_name -> assignee_fullname

                        u_creator.fullname as creator_name, -- Düzəliş: creator_name -> creator_fullname

                        t.assignee_id, t.created_by -- İcazə yoxlamaları üçün lazım ola bilər

                    FROM tasks t

                    LEFT JOIN departments d ON t.department_id = d.id

                    LEFT JOIN categories c ON t.category_id = c.id

                    LEFT JOIN users u_assignee ON t.assignee_id = u_assignee.id

                    LEFT JOIN users u_creator ON t.created_by = u_creator.id ORDER BY t.due_date ASC, FIELD(t.priority, 'high', 'medium', 'low'), t.created_at DESC","params":[]} 
[2025-04-30 16:26:12] TaskManagementApp.ERROR: Failed to load data for task index page. One or more models returned false.  
[2025-04-30 16:26:12] TaskManagementApp.INFO: Bootstrap initialized. Logger is active.  
[2025-04-30 16:26:12] TaskManagementApp.INFO: Bootstrap initialized. Logger is active.  
[2025-04-30 16:26:12] TaskManagementApp.INFO: Bootstrap initialized. Logger is active.  
[2025-04-30 16:26:12] TaskManagementApp.INFO: Bootstrap initialized. Logger is active.  
[2025-04-30 16:26:28] TaskManagementApp.INFO: Bootstrap initialized. Logger is active.  
[2025-04-30 16:26:28] TaskManagementApp.ERROR: Error fetching tasks: SQLSTATE[42S22]: Column not found: 1054 Unknown column 't.completed_at' in 'field list' {"sql":"SELECT

                        t.id, t.title, t.description, t.status, t.priority, t.due_date, t.created_at, t.start_date, t.completed_at,

                        d.name as department_name,

                        c.name as category_name, c.color as category_color,

                        u_assignee.fullname as assignee_name, -- Düzəliş: assignee_name -> assignee_fullname

                        u_creator.fullname as creator_name, -- Düzəliş: creator_name -> creator_fullname

                        t.assignee_id, t.created_by -- İcazə yoxlamaları üçün lazım ola bilər

                    FROM tasks t

                    LEFT JOIN departments d ON t.department_id = d.id

                    LEFT JOIN categories c ON t.category_id = c.id

                    LEFT JOIN users u_assignee ON t.assignee_id = u_assignee.id

                    LEFT JOIN users u_creator ON t.created_by = u_creator.id ORDER BY t.due_date ASC, FIELD(t.priority, 'high', 'medium', 'low'), t.created_at DESC","params":[]} 
[2025-04-30 16:26:28] TaskManagementApp.ERROR: Failed to load data for task index page. One or more models returned false.  
[2025-04-30 16:26:28] TaskManagementApp.INFO: Bootstrap initialized. Logger is active.  
[2025-04-30 16:26:28] TaskManagementApp.INFO: Bootstrap initialized. Logger is active.  
[2025-04-30 16:26:28] TaskManagementApp.INFO: Bootstrap initialized. Logger is active.  
[2025-04-30 16:26:28] TaskManagementApp.INFO: Bootstrap initialized. Logger is active.  
[2025-04-30 16:26:30] TaskManagementApp.INFO: Bootstrap initialized. Logger is active.  
[2025-04-30 16:26:30] TaskManagementApp.ERROR: Error fetching completed tasks this month {"exception":"SQLSTATE[42S22]: Column not found: 1054 Unknown column 'completed_at' in 'where clause'"} 
[2025-04-30 16:26:30] TaskManagementApp.WARNING: 'completed_at' column might be missing or named differently in 'tasks' table for getCompletedTasksThisMonth function.  
[2025-04-30 16:26:30] TaskManagementApp.ERROR: Error fetching recent tasks: SQLSTATE[42S22]: Column not found: 1054 Unknown column 'u_assignee.fullname' in 'field list' {"sql":"SELECT

                        t.id, t.title, t.status, t.priority, t.due_date, t.created_at,

                        u_assignee.fullname as assignee_name -- Düzəliş: assignee_name -> assignee_fullname

                    FROM tasks t

                    LEFT JOIN users u_assignee ON t.assignee_id = u_assignee.id ORDER BY t.created_at DESC LIMIT :limit","params":{":limit":5}} 
[2025-04-30 16:26:30] TaskManagementApp.ERROR: Error fetching completed tasks this month {"exception":"SQLSTATE[42S22]: Column not found: 1054 Unknown column 'completed_at' in 'where clause'"} 
[2025-04-30 16:26:30] TaskManagementApp.WARNING: 'completed_at' column might be missing or named differently in 'tasks' table for getCompletedTasksThisMonth function.  
[2025-04-30 16:26:30] TaskManagementApp.ERROR: Error fetching recent tasks: SQLSTATE[42S22]: Column not found: 1054 Unknown column 'u_assignee.fullname' in 'field list' {"sql":"SELECT

                        t.id, t.title, t.status, t.priority, t.due_date, t.created_at,

                        u_assignee.fullname as assignee_name -- Düzəliş: assignee_name -> assignee_fullname

                    FROM tasks t

                    LEFT JOIN users u_assignee ON t.assignee_id = u_assignee.id ORDER BY t.created_at DESC LIMIT :limit","params":{":limit":9}} 
[2025-04-30 16:26:30] TaskManagementApp.ERROR: Error fetching overdue tasks list: SQLSTATE[42S22]: Column not found: 1054 Unknown column 'u_assignee.fullname' in 'field list' {"sql":"SELECT

                        t.id, t.title, t.status, t.priority, t.due_date,

                        u_assignee.fullname as assignee_name

                    FROM tasks t

                    LEFT JOIN users u_assignee ON t.assignee_id = u_assignee.id WHERE t.status NOT IN ('completed', 'declined') AND t.due_date < CURDATE() ORDER BY t.due_date ASC LIMIT :limit","params":{":limit":9}} 
[2025-04-30 16:26:30] TaskManagementApp.INFO: Bootstrap initialized. Logger is active.  
[2025-04-30 16:26:30] TaskManagementApp.INFO: Bootstrap initialized. Logger is active.  
[2025-04-30 16:26:30] TaskManagementApp.INFO: Bootstrap initialized. Logger is active.  
[2025-04-30 16:26:30] TaskManagementApp.INFO: Bootstrap initialized. Logger is active.  
[2025-04-30 16:26:31] TaskManagementApp.INFO: Bootstrap initialized. Logger is active.  
[2025-04-30 16:26:31] TaskManagementApp.INFO: Bootstrap initialized. Logger is active.  
[2025-04-30 16:26:31] TaskManagementApp.INFO: Bootstrap initialized. Logger is active.  
[2025-04-30 16:26:31] TaskManagementApp.INFO: Bootstrap initialized. Logger is active.  
[2025-04-30 16:26:31] TaskManagementApp.INFO: Bootstrap initialized. Logger is active.  
[2025-04-30 16:26:32] TaskManagementApp.INFO: Bootstrap initialized. Logger is active.  
[2025-04-30 16:26:32] TaskManagementApp.ERROR: Error fetching tasks: SQLSTATE[42S22]: Column not found: 1054 Unknown column 't.completed_at' in 'field list' {"sql":"SELECT

                        t.id, t.title, t.description, t.status, t.priority, t.due_date, t.created_at, t.start_date, t.completed_at,

                        d.name as department_name,

                        c.name as category_name, c.color as category_color,

                        u_assignee.fullname as assignee_name, -- Düzəliş: assignee_name -> assignee_fullname

                        u_creator.fullname as creator_name, -- Düzəliş: creator_name -> creator_fullname

                        t.assignee_id, t.created_by -- İcazə yoxlamaları üçün lazım ola bilər

                    FROM tasks t

                    LEFT JOIN departments d ON t.department_id = d.id

                    LEFT JOIN categories c ON t.category_id = c.id

                    LEFT JOIN users u_assignee ON t.assignee_id = u_assignee.id

                    LEFT JOIN users u_creator ON t.created_by = u_creator.id ORDER BY t.due_date ASC, FIELD(t.priority, 'high', 'medium', 'low'), t.created_at DESC","params":[]} 
[2025-04-30 16:26:32] TaskManagementApp.ERROR: Failed to load data for task index page. One or more models returned false.  
[2025-04-30 16:26:32] TaskManagementApp.INFO: Bootstrap initialized. Logger is active.  
[2025-04-30 16:26:32] TaskManagementApp.INFO: Bootstrap initialized. Logger is active.  
[2025-04-30 16:26:32] TaskManagementApp.INFO: Bootstrap initialized. Logger is active.  
[2025-04-30 16:26:32] TaskManagementApp.INFO: Bootstrap initialized. Logger is active.  
[2025-04-30 16:26:33] TaskManagementApp.INFO: Bootstrap initialized. Logger is active.  
[2025-04-30 16:26:33] TaskManagementApp.INFO: Bootstrap initialized. Logger is active.  
[2025-04-30 16:26:33] TaskManagementApp.INFO: Bootstrap initialized. Logger is active.  
[2025-04-30 16:26:33] TaskManagementApp.INFO: Bootstrap initialized. Logger is active.  
[2025-04-30 16:26:33] TaskManagementApp.INFO: Bootstrap initialized. Logger is active.  
[2025-04-30 16:26:44] TaskManagementApp.INFO: Bootstrap initialized. Logger is active.  
[2025-04-30 16:26:44] TaskManagementApp.INFO: Bootstrap initialized. Logger is active.  
[2025-04-30 16:26:44] TaskManagementApp.INFO: Bootstrap initialized. Logger is active.  
[2025-04-30 16:26:44] TaskManagementApp.INFO: Bootstrap initialized. Logger is active.  
[2025-04-30 16:26:44] TaskManagementApp.INFO: Bootstrap initialized. Logger is active.  
[2025-04-30 16:30:26] TaskManagementApp.INFO: Bootstrap initialized. Logger is active.  
[2025-04-30 16:30:26] TaskManagementApp.ERROR: Error fetching tasks: SQLSTATE[42S22]: Column not found: 1054 Unknown column 't.completed_at' in 'field list' {"sql":"SELECT

                        t.id, t.title, t.description, t.status, t.priority, t.due_date, t.created_at, t.start_date, t.completed_at,

                        d.name as department_name,

                        c.name as category_name, c.color as category_color,

                        u_assignee.fullname as assignee_name, -- Düzəliş: assignee_name -> assignee_fullname

                        u_creator.fullname as creator_name, -- Düzəliş: creator_name -> creator_fullname

                        t.assignee_id, t.created_by -- İcazə yoxlamaları üçün lazım ola bilər

                    FROM tasks t

                    LEFT JOIN departments d ON t.department_id = d.id

                    LEFT JOIN categories c ON t.category_id = c.id

                    LEFT JOIN users u_assignee ON t.assignee_id = u_assignee.id

                    LEFT JOIN users u_creator ON t.created_by = u_creator.id ORDER BY t.due_date ASC, FIELD(t.priority, 'high', 'medium', 'low'), t.created_at DESC","params":[]} 
[2025-04-30 16:30:26] TaskManagementApp.ERROR: Failed to load data for task index page. One or more models returned false.  
[2025-04-30 16:30:26] TaskManagementApp.INFO: Bootstrap initialized. Logger is active.  
[2025-04-30 16:30:27] TaskManagementApp.INFO: Bootstrap initialized. Logger is active.  
[2025-04-30 16:30:27] TaskManagementApp.ERROR: Error fetching completed tasks this month {"exception":"SQLSTATE[42S22]: Column not found: 1054 Unknown column 'completed_at' in 'where clause'"} 
[2025-04-30 16:30:27] TaskManagementApp.WARNING: 'completed_at' column might be missing or named differently in 'tasks' table for getCompletedTasksThisMonth function.  
[2025-04-30 16:30:27] TaskManagementApp.ERROR: Error fetching recent tasks: SQLSTATE[42S22]: Column not found: 1054 Unknown column 'u_assignee.fullname' in 'field list' {"sql":"SELECT

                        t.id, t.title, t.status, t.priority, t.due_date, t.created_at,

                        u_assignee.fullname as assignee_name -- Düzəliş: assignee_name -> assignee_fullname

                    FROM tasks t

                    LEFT JOIN users u_assignee ON t.assignee_id = u_assignee.id ORDER BY t.created_at DESC LIMIT :limit","params":{":limit":5}} 
[2025-04-30 16:30:27] TaskManagementApp.ERROR: Error fetching completed tasks this month {"exception":"SQLSTATE[42S22]: Column not found: 1054 Unknown column 'completed_at' in 'where clause'"} 
[2025-04-30 16:30:27] TaskManagementApp.WARNING: 'completed_at' column might be missing or named differently in 'tasks' table for getCompletedTasksThisMonth function.  
[2025-04-30 16:30:27] TaskManagementApp.ERROR: Error fetching recent tasks: SQLSTATE[42S22]: Column not found: 1054 Unknown column 'u_assignee.fullname' in 'field list' {"sql":"SELECT

                        t.id, t.title, t.status, t.priority, t.due_date, t.created_at,

                        u_assignee.fullname as assignee_name -- Düzəliş: assignee_name -> assignee_fullname

                    FROM tasks t

                    LEFT JOIN users u_assignee ON t.assignee_id = u_assignee.id ORDER BY t.created_at DESC LIMIT :limit","params":{":limit":9}} 
[2025-04-30 16:30:27] TaskManagementApp.ERROR: Error fetching overdue tasks list: SQLSTATE[42S22]: Column not found: 1054 Unknown column 'u_assignee.fullname' in 'field list' {"sql":"SELECT

                        t.id, t.title, t.status, t.priority, t.due_date,

                        u_assignee.fullname as assignee_name

                    FROM tasks t

                    LEFT JOIN users u_assignee ON t.assignee_id = u_assignee.id WHERE t.status NOT IN ('completed', 'declined') AND t.due_date < CURDATE() ORDER BY t.due_date ASC LIMIT :limit","params":{":limit":9}} 
[2025-04-30 16:30:27] TaskManagementApp.INFO: Bootstrap initialized. Logger is active.  
[2025-04-30 16:30:29] TaskManagementApp.INFO: Bootstrap initialized. Logger is active.  
[2025-04-30 16:30:29] TaskManagementApp.ERROR: Error fetching tasks: SQLSTATE[42S22]: Column not found: 1054 Unknown column 't.completed_at' in 'field list' {"sql":"SELECT

                        t.id, t.title, t.description, t.status, t.priority, t.due_date, t.created_at, t.start_date, t.completed_at,

                        d.name as department_name,

                        c.name as category_name, c.color as category_color,

                        u_assignee.fullname as assignee_name, -- Düzəliş: assignee_name -> assignee_fullname

                        u_creator.fullname as creator_name, -- Düzəliş: creator_name -> creator_fullname

                        t.assignee_id, t.created_by -- İcazə yoxlamaları üçün lazım ola bilər

                    FROM tasks t

                    LEFT JOIN departments d ON t.department_id = d.id

                    LEFT JOIN categories c ON t.category_id = c.id

                    LEFT JOIN users u_assignee ON t.assignee_id = u_assignee.id

                    LEFT JOIN users u_creator ON t.created_by = u_creator.id ORDER BY t.due_date ASC, FIELD(t.priority, 'high', 'medium', 'low'), t.created_at DESC","params":[]} 
[2025-04-30 16:30:29] TaskManagementApp.ERROR: Failed to load data for task index page. One or more models returned false.  
[2025-04-30 16:30:29] TaskManagementApp.INFO: Bootstrap initialized. Logger is active.  
[2025-04-30 16:30:30] TaskManagementApp.INFO: Bootstrap initialized. Logger is active.  
[2025-04-30 16:30:30] TaskManagementApp.INFO: Bootstrap initialized. Logger is active.  
[2025-04-30 16:30:35] TaskManagementApp.INFO: Bootstrap initialized. Logger is active.  
[2025-04-30 16:30:35] TaskManagementApp.INFO: Bootstrap initialized. Logger is active.  
[2025-04-30 16:30:35] TaskManagementApp.INFO: Bootstrap initialized. Logger is active.  
[2025-04-30 16:30:35] TaskManagementApp.INFO: Bootstrap initialized. Logger is active.  
[2025-04-30 16:30:35] TaskManagementApp.INFO: Bootstrap initialized. Logger is active.  
[2025-04-30 16:30:42] TaskManagementApp.INFO: Bootstrap initialized. Logger is active.  
[2025-04-30 16:30:42] TaskManagementApp.ERROR: Error fetching completed tasks this month {"exception":"SQLSTATE[42S22]: Column not found: 1054 Unknown column 'completed_at' in 'where clause'"} 
[2025-04-30 16:30:42] TaskManagementApp.WARNING: 'completed_at' column might be missing or named differently in 'tasks' table for getCompletedTasksThisMonth function.  
[2025-04-30 16:30:42] TaskManagementApp.ERROR: Error fetching recent tasks: SQLSTATE[42S22]: Column not found: 1054 Unknown column 'u_assignee.fullname' in 'field list' {"sql":"SELECT

                        t.id, t.title, t.status, t.priority, t.due_date, t.created_at,

                        u_assignee.fullname as assignee_name -- Düzəliş: assignee_name -> assignee_fullname

                    FROM tasks t

                    LEFT JOIN users u_assignee ON t.assignee_id = u_assignee.id ORDER BY t.created_at DESC LIMIT :limit","params":{":limit":5}} 
[2025-04-30 16:30:42] TaskManagementApp.ERROR: Error fetching completed tasks this month {"exception":"SQLSTATE[42S22]: Column not found: 1054 Unknown column 'completed_at' in 'where clause'"} 
[2025-04-30 16:30:42] TaskManagementApp.WARNING: 'completed_at' column might be missing or named differently in 'tasks' table for getCompletedTasksThisMonth function.  
[2025-04-30 16:30:42] TaskManagementApp.ERROR: Error fetching recent tasks: SQLSTATE[42S22]: Column not found: 1054 Unknown column 'u_assignee.fullname' in 'field list' {"sql":"SELECT

                        t.id, t.title, t.status, t.priority, t.due_date, t.created_at,

                        u_assignee.fullname as assignee_name -- Düzəliş: assignee_name -> assignee_fullname

                    FROM tasks t

                    LEFT JOIN users u_assignee ON t.assignee_id = u_assignee.id ORDER BY t.created_at DESC LIMIT :limit","params":{":limit":9}} 
[2025-04-30 16:30:42] TaskManagementApp.ERROR: Error fetching overdue tasks list: SQLSTATE[42S22]: Column not found: 1054 Unknown column 'u_assignee.fullname' in 'field list' {"sql":"SELECT

                        t.id, t.title, t.status, t.priority, t.due_date,

                        u_assignee.fullname as assignee_name

                    FROM tasks t

                    LEFT JOIN users u_assignee ON t.assignee_id = u_assignee.id WHERE t.status NOT IN ('completed', 'declined') AND t.due_date < CURDATE() ORDER BY t.due_date ASC LIMIT :limit","params":{":limit":9}} 
[2025-04-30 16:30:42] TaskManagementApp.INFO: Bootstrap initialized. Logger is active.  
[2025-04-30 16:30:42] TaskManagementApp.INFO: Bootstrap initialized. Logger is active.  
[2025-04-30 16:30:42] TaskManagementApp.INFO: Bootstrap initialized. Logger is active.  
[2025-04-30 16:30:42] TaskManagementApp.INFO: Bootstrap initialized. Logger is active.  
[2025-04-30 16:30:42] TaskManagementApp.INFO: Bootstrap initialized. Logger is active.  
[2025-04-30 16:30:42] TaskManagementApp.INFO: Bootstrap initialized. Logger is active.  
[2025-04-30 16:30:42] TaskManagementApp.INFO: Bootstrap initialized. Logger is active.  
[2025-04-30 16:30:42] TaskManagementApp.INFO: Bootstrap initialized. Logger is active.  
[2025-04-30 16:30:42] TaskManagementApp.INFO: Bootstrap initialized. Logger is active.  
[2025-04-30 16:30:44] TaskManagementApp.INFO: Bootstrap initialized. Logger is active.  
[2025-04-30 16:30:44] TaskManagementApp.INFO: Bootstrap initialized. Logger is active.  
[2025-04-30 16:30:44] TaskManagementApp.INFO: Bootstrap initialized. Logger is active.  
[2025-04-30 16:30:44] TaskManagementApp.INFO: Bootstrap initialized. Logger is active.  
[2025-04-30 16:30:44] TaskManagementApp.INFO: Bootstrap initialized. Logger is active.  
[2025-04-30 16:30:45] TaskManagementApp.INFO: Bootstrap initialized. Logger is active.  
[2025-04-30 16:30:45] TaskManagementApp.ERROR: Error fetching tasks: SQLSTATE[42S22]: Column not found: 1054 Unknown column 't.completed_at' in 'field list' {"sql":"SELECT

                        t.id, t.title, t.description, t.status, t.priority, t.due_date, t.created_at, t.start_date, t.completed_at,

                        d.name as department_name,

                        c.name as category_name, c.color as category_color,

                        u_assignee.fullname as assignee_name, -- Düzəliş: assignee_name -> assignee_fullname

                        u_creator.fullname as creator_name, -- Düzəliş: creator_name -> creator_fullname

                        t.assignee_id, t.created_by -- İcazə yoxlamaları üçün lazım ola bilər

                    FROM tasks t

                    LEFT JOIN departments d ON t.department_id = d.id

                    LEFT JOIN categories c ON t.category_id = c.id

                    LEFT JOIN users u_assignee ON t.assignee_id = u_assignee.id

                    LEFT JOIN users u_creator ON t.created_by = u_creator.id ORDER BY t.due_date ASC, FIELD(t.priority, 'high', 'medium', 'low'), t.created_at DESC","params":[]} 
[2025-04-30 16:30:45] TaskManagementApp.ERROR: Failed to load data for task index page. One or more models returned false.  
[2025-04-30 16:30:45] TaskManagementApp.INFO: Bootstrap initialized. Logger is active.  
[2025-04-30 16:30:45] TaskManagementApp.INFO: Bootstrap initialized. Logger is active.  
[2025-04-30 16:30:45] TaskManagementApp.INFO: Bootstrap initialized. Logger is active.  
[2025-04-30 16:30:45] TaskManagementApp.INFO: Bootstrap initialized. Logger is active.  
[2025-04-30 16:30:46] TaskManagementApp.INFO: Bootstrap initialized. Logger is active.  
[2025-04-30 16:30:47] TaskManagementApp.INFO: Bootstrap initialized. Logger is active.  
[2025-04-30 16:30:47] TaskManagementApp.INFO: Bootstrap initialized. Logger is active.  
[2025-04-30 16:30:47] TaskManagementApp.INFO: Bootstrap initialized. Logger is active.  
[2025-04-30 16:30:47] TaskManagementApp.INFO: Bootstrap initialized. Logger is active.  
[2025-04-30 16:30:49] TaskManagementApp.INFO: Bootstrap initialized. Logger is active.  
[2025-04-30 16:30:49] TaskManagementApp.ERROR: Error fetching tasks: SQLSTATE[42S22]: Column not found: 1054 Unknown column 't.completed_at' in 'field list' {"sql":"SELECT

                        t.id, t.title, t.description, t.status, t.priority, t.due_date, t.created_at, t.start_date, t.completed_at,

                        d.name as department_name,

                        c.name as category_name, c.color as category_color,

                        u_assignee.fullname as assignee_name, -- Düzəliş: assignee_name -> assignee_fullname

                        u_creator.fullname as creator_name, -- Düzəliş: creator_name -> creator_fullname

                        t.assignee_id, t.created_by -- İcazə yoxlamaları üçün lazım ola bilər

                    FROM tasks t

                    LEFT JOIN departments d ON t.department_id = d.id

                    LEFT JOIN categories c ON t.category_id = c.id

                    LEFT JOIN users u_assignee ON t.assignee_id = u_assignee.id

                    LEFT JOIN users u_creator ON t.created_by = u_creator.id ORDER BY t.due_date ASC, FIELD(t.priority, 'high', 'medium', 'low'), t.created_at DESC","params":[]} 
[2025-04-30 16:30:49] TaskManagementApp.ERROR: Failed to load data for task index page. One or more models returned false.  
[2025-04-30 16:30:49] TaskManagementApp.INFO: Bootstrap initialized. Logger is active.  
[2025-04-30 16:30:49] TaskManagementApp.INFO: Bootstrap initialized. Logger is active.  
[2025-04-30 16:30:49] TaskManagementApp.INFO: Bootstrap initialized. Logger is active.  
[2025-04-30 16:30:49] TaskManagementApp.INFO: Bootstrap initialized. Logger is active.  
[2025-04-30 16:32:54] TaskManagementApp.INFO: Bootstrap initialized. Logger is active.  
[2025-04-30 16:32:54] TaskManagementApp.ERROR: Error fetching tasks: SQLSTATE[42S22]: Column not found: 1054 Unknown column 'u_assignee.fullname' in 'field list' {"sql":"SELECT

                        t.id, t.title, t.description, t.status, t.priority, t.due_date, t.created_at, t.start_date,

                        d.name as department_name,

                        c.name as category_name, c.color as category_color,

                        u_assignee.fullname as assignee_name, -- Düzəliş: assignee_name -> assignee_fullname

                        u_creator.fullname as creator_name, -- Düzəliş: creator_name -> creator_fullname

                        t.assignee_id, t.created_by -- İcazə yoxlamaları üçün lazım ola bilər

                    FROM tasks t

                    LEFT JOIN departments d ON t.department_id = d.id

                    LEFT JOIN categories c ON t.category_id = c.id

                    LEFT JOIN users u_assignee ON t.assignee_id = u_assignee.id

                    LEFT JOIN users u_creator ON t.created_by = u_creator.id ORDER BY t.due_date ASC, FIELD(t.priority, 'high', 'medium', 'low'), t.created_at DESC","params":[]} 
[2025-04-30 16:32:54] TaskManagementApp.ERROR: Failed to load data for task index page. One or more models returned false.  
[2025-04-30 16:32:54] TaskManagementApp.INFO: Bootstrap initialized. Logger is active.  
[2025-04-30 16:32:54] TaskManagementApp.INFO: Bootstrap initialized. Logger is active.  
[2025-04-30 16:32:54] TaskManagementApp.INFO: Bootstrap initialized. Logger is active.  
[2025-04-30 16:32:54] TaskManagementApp.INFO: Bootstrap initialized. Logger is active.  
[2025-04-30 16:34:46] TaskManagementApp.INFO: Bootstrap initialized. Logger is active.  
[2025-04-30 16:34:46] TaskManagementApp.INFO: Bootstrap initialized. Logger is active.  
[2025-04-30 16:34:50] TaskManagementApp.INFO: Bootstrap initialized. Logger is active.  
[2025-04-30 16:35:03] TaskManagementApp.INFO: Bootstrap initialized. Logger is active.  
[2025-04-30 16:35:03] TaskManagementApp.ERROR: Error fetching completed tasks this month {"exception":"SQLSTATE[42S22]: Column not found: 1054 Unknown column 'completed_at' in 'where clause'"} 
[2025-04-30 16:35:03] TaskManagementApp.WARNING: 'completed_at' column might be missing or named differently in 'tasks' table for getCompletedTasksThisMonth function.  
[2025-04-30 16:35:03] TaskManagementApp.ERROR: Error fetching recent tasks: SQLSTATE[42S22]: Column not found: 1054 Unknown column 'u_assignee.fullname' in 'field list' {"sql":"SELECT

                        t.id, t.title, t.status, t.priority, t.due_date, t.created_at,

                        u_assignee.fullname as assignee_name -- Düzəliş: assignee_name -> assignee_fullname

                    FROM tasks t

                    LEFT JOIN users u_assignee ON t.assignee_id = u_assignee.id ORDER BY t.created_at DESC LIMIT :limit","params":{":limit":5}} 
[2025-04-30 16:35:03] TaskManagementApp.ERROR: Error fetching completed tasks this month {"exception":"SQLSTATE[42S22]: Column not found: 1054 Unknown column 'completed_at' in 'where clause'"} 
[2025-04-30 16:35:03] TaskManagementApp.WARNING: 'completed_at' column might be missing or named differently in 'tasks' table for getCompletedTasksThisMonth function.  
[2025-04-30 16:35:03] TaskManagementApp.ERROR: Error fetching recent tasks: SQLSTATE[42S22]: Column not found: 1054 Unknown column 'u_assignee.fullname' in 'field list' {"sql":"SELECT

                        t.id, t.title, t.status, t.priority, t.due_date, t.created_at,

                        u_assignee.fullname as assignee_name -- Düzəliş: assignee_name -> assignee_fullname

                    FROM tasks t

                    LEFT JOIN users u_assignee ON t.assignee_id = u_assignee.id ORDER BY t.created_at DESC LIMIT :limit","params":{":limit":9}} 
[2025-04-30 16:35:03] TaskManagementApp.ERROR: Error fetching overdue tasks list: SQLSTATE[42S22]: Column not found: 1054 Unknown column 'u_assignee.fullname' in 'field list' {"sql":"SELECT

                        t.id, t.title, t.status, t.priority, t.due_date,

                        u_assignee.fullname as assignee_name

                    FROM tasks t

                    LEFT JOIN users u_assignee ON t.assignee_id = u_assignee.id WHERE t.status NOT IN ('completed', 'declined') AND t.due_date < CURDATE() ORDER BY t.due_date ASC LIMIT :limit","params":{":limit":9}} 
[2025-04-30 16:35:03] TaskManagementApp.INFO: Bootstrap initialized. Logger is active.  
[2025-04-30 16:35:03] TaskManagementApp.INFO: Bootstrap initialized. Logger is active.  
[2025-04-30 16:35:31] TaskManagementApp.INFO: Bootstrap initialized. Logger is active.  
[2025-04-30 16:35:31] TaskManagementApp.ERROR: Error fetching tasks: SQLSTATE[42S22]: Column not found: 1054 Unknown column 'u_assignee.fullname' in 'field list' {"sql":"SELECT

                        t.id, t.title, t.description, t.status, t.priority, t.due_date, t.created_at, t.start_date,

                        d.name as department_name,

                        c.name as category_name, c.color as category_color,

                        u_assignee.fullname as assignee_name, -- Düzəliş: assignee_name -> assignee_fullname

                        u_creator.fullname as creator_name, -- Düzəliş: creator_name -> creator_fullname

                        t.assignee_id, t.created_by -- İcazə yoxlamaları üçün lazım ola bilər

                    FROM tasks t

                    LEFT JOIN departments d ON t.department_id = d.id

                    LEFT JOIN categories c ON t.category_id = c.id

                    LEFT JOIN users u_assignee ON t.assignee_id = u_assignee.id

                    LEFT JOIN users u_creator ON t.created_by = u_creator.id ORDER BY t.due_date ASC, FIELD(t.priority, 'high', 'medium', 'low'), t.created_at DESC","params":[]} 
[2025-04-30 16:35:31] TaskManagementApp.ERROR: Failed to load data for task index page. One or more models returned false.  
[2025-04-30 16:35:31] TaskManagementApp.INFO: Bootstrap initialized. Logger is active.  
[2025-04-30 16:35:35] TaskManagementApp.INFO: Bootstrap initialized. Logger is active.  
[2025-04-30 16:35:35] TaskManagementApp.INFO: Bootstrap initialized. Logger is active.  
[2025-04-30 16:35:52] TaskManagementApp.INFO: Bootstrap initialized. Logger is active.  
[2025-04-30 16:35:52] TaskManagementApp.ERROR: Error fetching tasks: SQLSTATE[42S22]: Column not found: 1054 Unknown column 't.created_by' in 'field list' {"sql":"SELECT

                        t.id, t.title, t.description, t.status, t.priority, t.due_date, t.created_at, t.start_date,

                        d.name as department_name,

                        c.name as category_name, c.color as category_color,

                        u_assignee.name as assignee_name, -- Düzəliş: fullname -> name

                        u_creator.name as creator_name, -- Düzəliş: fullname -> name

                        t.assignee_id, t.created_by -- İcazə yoxlamaları üçün lazım ola bilər

                    FROM tasks t

                    LEFT JOIN departments d ON t.department_id = d.id

                    LEFT JOIN categories c ON t.category_id = c.id

                    LEFT JOIN users u_assignee ON t.assignee_id = u_assignee.id

                    LEFT JOIN users u_creator ON t.created_by = u_creator.id ORDER BY t.due_date ASC, FIELD(t.priority, 'high', 'medium', 'low'), t.created_at DESC","params":[]} 
[2025-04-30 16:35:52] TaskManagementApp.ERROR: Failed to load data for task index page. One or more models returned false.  
[2025-04-30 16:35:52] TaskManagementApp.INFO: Bootstrap initialized. Logger is active.  
[2025-04-30 16:35:53] TaskManagementApp.INFO: Bootstrap initialized. Logger is active.  
[2025-04-30 16:35:53] TaskManagementApp.ERROR: Error fetching tasks: SQLSTATE[42S22]: Column not found: 1054 Unknown column 't.created_by' in 'field list' {"sql":"SELECT

                        t.id, t.title, t.description, t.status, t.priority, t.due_date, t.created_at, t.start_date,

                        d.name as department_name,

                        c.name as category_name, c.color as category_color,

                        u_assignee.name as assignee_name, -- Düzəliş: fullname -> name

                        u_creator.name as creator_name, -- Düzəliş: fullname -> name

                        t.assignee_id, t.created_by -- İcazə yoxlamaları üçün lazım ola bilər

                    FROM tasks t

                    LEFT JOIN departments d ON t.department_id = d.id

                    LEFT JOIN categories c ON t.category_id = c.id

                    LEFT JOIN users u_assignee ON t.assignee_id = u_assignee.id

                    LEFT JOIN users u_creator ON t.created_by = u_creator.id ORDER BY t.due_date ASC, FIELD(t.priority, 'high', 'medium', 'low'), t.created_at DESC","params":[]} 
[2025-04-30 16:35:53] TaskManagementApp.ERROR: Failed to load data for task index page. One or more models returned false.  
[2025-04-30 16:35:53] TaskManagementApp.INFO: Bootstrap initialized. Logger is active.  
[2025-04-30 16:38:47] TaskManagementApp.INFO: Bootstrap initialized. Logger is active.  
[2025-04-30 16:38:47] TaskManagementApp.ERROR: Error fetching tasks: SQLSTATE[42S22]: Column not found: 1054 Unknown column 't.created_by' in 'field list' {"sql":"SELECT

                        t.id, t.title, t.description, t.status, t.priority, t.due_date, t.created_at, t.start_date,

                        d.name as department_name,

                        c.name as category_name, c.color as category_color,

                        u_assignee.name as assignee_name, -- Düzəliş: fullname -> name

                        u_creator.name as creator_name, -- Düzəliş: fullname -> name

                        t.assignee_id, t.created_by -- İcazə yoxlamaları üçün lazım ola bilər

                    FROM tasks t

                    LEFT JOIN departments d ON t.department_id = d.id

                    LEFT JOIN categories c ON t.category_id = c.id

                    LEFT JOIN users u_assignee ON t.assignee_id = u_assignee.id

                    LEFT JOIN users u_creator ON t.created_by = u_creator.id ORDER BY t.due_date ASC, FIELD(t.priority, 'high', 'medium', 'low'), t.created_at DESC","params":[]} 
[2025-04-30 16:38:47] TaskManagementApp.ERROR: Failed to load data for task index page. One or more models returned false.  
[2025-04-30 16:38:47] TaskManagementApp.INFO: Bootstrap initialized. Logger is active.  
[2025-05-01 07:07:23] TaskManagementApp.INFO: Bootstrap initialized. Logger is active.  
[2025-05-01 07:07:23] TaskManagementApp.ERROR: Error fetching tasks: SQLSTATE[42S22]: Column not found: 1054 Unknown column 't.created_by' in 'field list' {"sql":"SELECT

                        t.id, t.title, t.description, t.status, t.priority, t.due_date, t.created_at, t.start_date,

                        d.name as department_name,

                        c.name as category_name, c.color as category_color,

                        u_assignee.name as assignee_name, -- Düzəliş: fullname -> name

                        u_creator.name as creator_name, -- Düzəliş: fullname -> name

                        t.assignee_id, t.created_by -- İcazə yoxlamaları üçün lazım ola bilər

                    FROM tasks t

                    LEFT JOIN departments d ON t.department_id = d.id

                    LEFT JOIN categories c ON t.category_id = c.id

                    LEFT JOIN users u_assignee ON t.assignee_id = u_assignee.id

                    LEFT JOIN users u_creator ON t.created_by = u_creator.id ORDER BY t.due_date ASC, FIELD(t.priority, 'high', 'medium', 'low'), t.created_at DESC","params":[]} 
[2025-05-01 07:07:23] TaskManagementApp.ERROR: Failed to load data for task index page. One or more models returned false.  
[2025-05-01 07:07:23] TaskManagementApp.INFO: Bootstrap initialized. Logger is active.  
[2025-05-01 07:07:24] TaskManagementApp.INFO: Bootstrap initialized. Logger is active.  
[2025-05-01 07:07:24] TaskManagementApp.ERROR: Error fetching tasks: SQLSTATE[42S22]: Column not found: 1054 Unknown column 't.created_by' in 'field list' {"sql":"SELECT

                        t.id, t.title, t.description, t.status, t.priority, t.due_date, t.created_at, t.start_date,

                        d.name as department_name,

                        c.name as category_name, c.color as category_color,

                        u_assignee.name as assignee_name, -- Düzəliş: fullname -> name

                        u_creator.name as creator_name, -- Düzəliş: fullname -> name

                        t.assignee_id, t.created_by -- İcazə yoxlamaları üçün lazım ola bilər

                    FROM tasks t

                    LEFT JOIN departments d ON t.department_id = d.id

                    LEFT JOIN categories c ON t.category_id = c.id

                    LEFT JOIN users u_assignee ON t.assignee_id = u_assignee.id

                    LEFT JOIN users u_creator ON t.created_by = u_creator.id ORDER BY t.due_date ASC, FIELD(t.priority, 'high', 'medium', 'low'), t.created_at DESC","params":[]} 
[2025-05-01 07:07:24] TaskManagementApp.ERROR: Failed to load data for task index page. One or more models returned false.  
[2025-05-01 07:07:24] TaskManagementApp.INFO: Bootstrap initialized. Logger is active.  
[2025-05-01 07:07:28] TaskManagementApp.INFO: Bootstrap initialized. Logger is active.  
[2025-05-01 07:07:28] TaskManagementApp.INFO: Bootstrap initialized. Logger is active.  
[2025-05-01 07:07:30] TaskManagementApp.INFO: Bootstrap initialized. Logger is active.  
[2025-05-01 07:07:30] TaskManagementApp.ERROR: Error fetching completed tasks this month {"exception":"SQLSTATE[42S22]: Column not found: 1054 Unknown column 'completed_at' in 'where clause'"} 
[2025-05-01 07:07:30] TaskManagementApp.WARNING: 'completed_at' column might be missing or named differently in 'tasks' table for getCompletedTasksThisMonth function.  
[2025-05-01 07:07:30] TaskManagementApp.ERROR: Error fetching completed tasks this month {"exception":"SQLSTATE[42S22]: Column not found: 1054 Unknown column 'completed_at' in 'where clause'"} 
[2025-05-01 07:07:30] TaskManagementApp.WARNING: 'completed_at' column might be missing or named differently in 'tasks' table for getCompletedTasksThisMonth function.  
[2025-05-01 07:07:30] TaskManagementApp.INFO: Bootstrap initialized. Logger is active.  
[2025-05-01 07:07:32] TaskManagementApp.INFO: Bootstrap initialized. Logger is active.  
[2025-05-01 07:07:32] TaskManagementApp.INFO: Bootstrap initialized. Logger is active.  
[2025-05-01 07:09:51] TaskManagementApp.INFO: Bootstrap initialized. Logger is active.  
[2025-05-01 07:09:51] TaskManagementApp.ERROR: Error fetching completed tasks this month {"exception":"SQLSTATE[42S22]: Column not found: 1054 Unknown column 'completed_at' in 'where clause'"} 
[2025-05-01 07:09:51] TaskManagementApp.WARNING: 'completed_at' column might be missing or named differently in 'tasks' table for getCompletedTasksThisMonth function.  
[2025-05-01 07:09:51] TaskManagementApp.ERROR: Error fetching completed tasks this month {"exception":"SQLSTATE[42S22]: Column not found: 1054 Unknown column 'completed_at' in 'where clause'"} 
[2025-05-01 07:09:51] TaskManagementApp.WARNING: 'completed_at' column might be missing or named differently in 'tasks' table for getCompletedTasksThisMonth function.  
[2025-05-01 07:09:51] TaskManagementApp.INFO: Bootstrap initialized. Logger is active.  
[2025-05-01 07:09:54] TaskManagementApp.INFO: Bootstrap initialized. Logger is active.  
[2025-05-01 07:09:54] TaskManagementApp.INFO: Bootstrap initialized. Logger is active.  
[2025-05-01 07:10:00] TaskManagementApp.INFO: Bootstrap initialized. Logger is active.  
[2025-05-01 07:10:00] TaskManagementApp.INFO: Bootstrap initialized. Logger is active.  
[2025-05-01 07:10:03] TaskManagementApp.INFO: Bootstrap initialized. Logger is active.  
[2025-05-01 07:10:03] TaskManagementApp.INFO: Bootstrap initialized. Logger is active.  
[2025-05-01 07:10:08] TaskManagementApp.INFO: Bootstrap initialized. Logger is active.  
[2025-05-01 07:10:08] TaskManagementApp.ERROR: Error fetching completed tasks this month {"exception":"SQLSTATE[42S22]: Column not found: 1054 Unknown column 'completed_at' in 'where clause'"} 
[2025-05-01 07:10:08] TaskManagementApp.WARNING: 'completed_at' column might be missing or named differently in 'tasks' table for getCompletedTasksThisMonth function.  
[2025-05-01 07:10:08] TaskManagementApp.ERROR: Error fetching completed tasks this month {"exception":"SQLSTATE[42S22]: Column not found: 1054 Unknown column 'completed_at' in 'where clause'"} 
[2025-05-01 07:10:08] TaskManagementApp.WARNING: 'completed_at' column might be missing or named differently in 'tasks' table for getCompletedTasksThisMonth function.  
[2025-05-01 07:10:08] TaskManagementApp.INFO: Bootstrap initialized. Logger is active.  
[2025-05-01 07:10:16] TaskManagementApp.INFO: Bootstrap initialized. Logger is active.  
[2025-05-01 07:10:16] TaskManagementApp.INFO: Bootstrap initialized. Logger is active.  
[2025-05-01 07:10:18] TaskManagementApp.INFO: Bootstrap initialized. Logger is active.  
[2025-05-01 07:10:18] TaskManagementApp.INFO: Bootstrap initialized. Logger is active.  
[2025-05-01 07:10:24] TaskManagementApp.INFO: Bootstrap initialized. Logger is active.  
[2025-05-01 07:10:24] TaskManagementApp.INFO: Bootstrap initialized. Logger is active.  
[2025-05-01 07:12:19] TaskManagementApp.INFO: Bootstrap initialized. Logger is active.  
[2025-05-01 07:12:19] TaskManagementApp.INFO: Bootstrap initialized. Logger is active.  
[2025-05-01 07:12:20] TaskManagementApp.INFO: Bootstrap initialized. Logger is active.  
[2025-05-01 07:12:21] TaskManagementApp.INFO: Bootstrap initialized. Logger is active.  
[2025-05-01 07:12:22] TaskManagementApp.INFO: Bootstrap initialized. Logger is active.  
[2025-05-01 07:12:22] TaskManagementApp.ERROR: Error fetching tasks: SQLSTATE[42S22]: Column not found: 1054 Unknown column 't.created_by' in 'field list' {"sql":"SELECT

                        t.id, t.title, t.description, t.status, t.priority, t.due_date, t.created_at, t.start_date,

                        d.name as department_name,

                        c.name as category_name, c.color as category_color,

                        u_assignee.name as assignee_name, -- Düzəliş: fullname -> name

                        u_creator.name as creator_name, -- Düzəliş: fullname -> name

                        t.assignee_id, t.created_by -- İcazə yoxlamaları üçün lazım ola bilər

                    FROM tasks t

                    LEFT JOIN departments d ON t.department_id = d.id

                    LEFT JOIN categories c ON t.category_id = c.id

                    LEFT JOIN users u_assignee ON t.assignee_id = u_assignee.id

                    LEFT JOIN users u_creator ON t.created_by = u_creator.id ORDER BY t.due_date ASC, FIELD(t.priority, 'high', 'medium', 'low'), t.created_at DESC","params":[]} 
[2025-05-01 07:12:22] TaskManagementApp.ERROR: Failed to load data for task index page. One or more models returned false.  
[2025-05-01 07:12:22] TaskManagementApp.INFO: Bootstrap initialized. Logger is active.  
[2025-05-01 07:12:26] TaskManagementApp.INFO: Bootstrap initialized. Logger is active.  
[2025-05-01 07:12:26] TaskManagementApp.INFO: Bootstrap initialized. Logger is active.  
[2025-05-01 07:12:27] TaskManagementApp.INFO: Bootstrap initialized. Logger is active.  
[2025-05-01 07:12:27] TaskManagementApp.INFO: Bootstrap initialized. Logger is active.  
[2025-05-01 07:12:29] TaskManagementApp.INFO: Bootstrap initialized. Logger is active.  
[2025-05-01 07:12:29] TaskManagementApp.INFO: Bootstrap initialized. Logger is active.  
[2025-05-01 07:14:15] TaskManagementApp.INFO: Bootstrap initialized. Logger is active.  
[2025-05-01 07:18:38] TaskManagementApp.INFO: Bootstrap initialized. Logger is active.  
[2025-05-01 07:18:38] TaskManagementApp.INFO: Bootstrap initialized. Logger is active.  
[2025-05-01 07:18:38] TaskManagementApp.INFO: Bootstrap initialized. Logger is active.  
[2025-05-01 07:18:44] TaskManagementApp.INFO: Bootstrap initialized. Logger is active.  
[2025-05-01 07:18:44] TaskManagementApp.INFO: Bootstrap initialized. Logger is active.  
[2025-05-01 07:19:55] TaskManagementApp.INFO: Bootstrap initialized. Logger is active.  
[2025-05-01 07:19:55] TaskManagementApp.INFO: Bootstrap initialized. Logger is active.  
[2025-05-01 07:20:01] TaskManagementApp.INFO: Bootstrap initialized. Logger is active.  
[2025-05-01 07:21:08] TaskManagementApp.INFO: Bootstrap initialized. Logger is active.  
[2025-05-01 07:21:08] TaskManagementApp.ERROR: Error fetching tasks: SQLSTATE[42S22]: Column not found: 1054 Unknown column 't.created_by' in 'field list' {"sql":"SELECT

                        t.id, t.title, t.description, t.status, t.priority, t.due_date, t.created_at, t.start_date,

                        d.name as department_name,

                        c.name as category_name, c.color as category_color,

                        u_assignee.name as assignee_name, -- Düzəliş: fullname -> name

                        u_creator.name as creator_name, -- Düzəliş: fullname -> name

                        t.assignee_id, t.created_by -- İcazə yoxlamaları üçün lazım ola bilər

                    FROM tasks t

                    LEFT JOIN departments d ON t.department_id = d.id

                    LEFT JOIN categories c ON t.category_id = c.id

                    LEFT JOIN users u_assignee ON t.assignee_id = u_assignee.id

                    LEFT JOIN users u_creator ON t.created_by = u_creator.id ORDER BY t.due_date ASC, FIELD(t.priority, 'high', 'medium', 'low'), t.created_at DESC","params":[]} 
[2025-05-01 07:21:08] TaskManagementApp.ERROR: Failed to load data for task index page. One or more models returned false.  
[2025-05-01 07:21:08] TaskManagementApp.INFO: Bootstrap initialized. Logger is active.  
[2025-05-01 07:21:08] TaskManagementApp.INFO: Bootstrap initialized. Logger is active.  
[2025-05-01 07:21:08] TaskManagementApp.INFO: Bootstrap initialized. Logger is active.  
[2025-05-01 07:21:08] TaskManagementApp.INFO: Bootstrap initialized. Logger is active.  
[2025-05-01 07:21:09] TaskManagementApp.INFO: Bootstrap initialized. Logger is active.  
[2025-05-01 07:21:09] TaskManagementApp.INFO: Bootstrap initialized. Logger is active.  
[2025-05-01 07:21:09] TaskManagementApp.INFO: Bootstrap initialized. Logger is active.  
[2025-05-01 07:21:09] TaskManagementApp.INFO: Bootstrap initialized. Logger is active.  
[2025-05-01 07:21:09] TaskManagementApp.INFO: Bootstrap initialized. Logger is active.  
[2025-05-01 07:21:11] TaskManagementApp.INFO: Bootstrap initialized. Logger is active.  
[2025-05-01 07:21:11] TaskManagementApp.INFO: Bootstrap initialized. Logger is active.  
[2025-05-01 07:21:11] TaskManagementApp.INFO: Bootstrap initialized. Logger is active.  
[2025-05-01 07:21:11] TaskManagementApp.INFO: Bootstrap initialized. Logger is active.  
[2025-05-01 07:21:11] TaskManagementApp.INFO: Bootstrap initialized. Logger is active.  
[2025-05-01 07:21:13] TaskManagementApp.INFO: Bootstrap initialized. Logger is active.  
[2025-05-01 07:21:13] TaskManagementApp.ERROR: Error fetching tasks: SQLSTATE[42S22]: Column not found: 1054 Unknown column 't.created_by' in 'field list' {"sql":"SELECT

                        t.id, t.title, t.description, t.status, t.priority, t.due_date, t.created_at, t.start_date,

                        d.name as department_name,

                        c.name as category_name, c.color as category_color,

                        u_assignee.name as assignee_name, -- Düzəliş: fullname -> name

                        u_creator.name as creator_name, -- Düzəliş: fullname -> name

                        t.assignee_id, t.created_by -- İcazə yoxlamaları üçün lazım ola bilər

                    FROM tasks t

                    LEFT JOIN departments d ON t.department_id = d.id

                    LEFT JOIN categories c ON t.category_id = c.id

                    LEFT JOIN users u_assignee ON t.assignee_id = u_assignee.id

                    LEFT JOIN users u_creator ON t.created_by = u_creator.id ORDER BY t.due_date ASC, FIELD(t.priority, 'high', 'medium', 'low'), t.created_at DESC","params":[]} 
[2025-05-01 07:21:13] TaskManagementApp.ERROR: Failed to load data for task index page. One or more models returned false.  
[2025-05-01 07:21:13] TaskManagementApp.INFO: Bootstrap initialized. Logger is active.  
[2025-05-01 07:21:13] TaskManagementApp.INFO: Bootstrap initialized. Logger is active.  
[2025-05-01 07:21:13] TaskManagementApp.INFO: Bootstrap initialized. Logger is active.  
[2025-05-01 07:21:13] TaskManagementApp.INFO: Bootstrap initialized. Logger is active.  
[2025-05-01 07:21:14] TaskManagementApp.INFO: Bootstrap initialized. Logger is active.  
[2025-05-01 07:21:14] TaskManagementApp.INFO: Bootstrap initialized. Logger is active.  
[2025-05-01 07:21:14] TaskManagementApp.INFO: Bootstrap initialized. Logger is active.  
[2025-05-01 07:21:14] TaskManagementApp.INFO: Bootstrap initialized. Logger is active.  
[2025-05-01 07:21:14] TaskManagementApp.INFO: Bootstrap initialized. Logger is active.  
[2025-05-01 07:21:16] TaskManagementApp.INFO: Bootstrap initialized. Logger is active.  
[2025-05-01 07:21:16] TaskManagementApp.INFO: Bootstrap initialized. Logger is active.  
[2025-05-01 07:21:16] TaskManagementApp.INFO: Bootstrap initialized. Logger is active.  
[2025-05-01 07:21:18] TaskManagementApp.INFO: Bootstrap initialized. Logger is active.  
[2025-05-01 07:21:18] TaskManagementApp.INFO: Bootstrap initialized. Logger is active.  
[2025-05-01 07:21:18] TaskManagementApp.INFO: Bootstrap initialized. Logger is active.  
[2025-05-01 07:21:18] TaskManagementApp.INFO: Bootstrap initialized. Logger is active.  
[2025-05-01 07:21:18] TaskManagementApp.INFO: Bootstrap initialized. Logger is active.  
[2025-05-01 07:21:19] TaskManagementApp.INFO: Bootstrap initialized. Logger is active.  
[2025-05-01 07:21:19] TaskManagementApp.INFO: Bootstrap initialized. Logger is active.  
[2025-05-01 07:21:19] TaskManagementApp.INFO: Bootstrap initialized. Logger is active.  
[2025-05-01 07:21:19] TaskManagementApp.INFO: Bootstrap initialized. Logger is active.  
[2025-05-01 07:21:19] TaskManagementApp.INFO: Bootstrap initialized. Logger is active.  
[2025-05-01 07:23:27] TaskManagementApp.INFO: Bootstrap initialized. Logger is active.  
[2025-05-01 07:23:27] TaskManagementApp.INFO: Bootstrap initialized. Logger is active.  
[2025-05-01 07:23:28] TaskManagementApp.INFO: Bootstrap initialized. Logger is active.  
[2025-05-01 07:23:33] TaskManagementApp.INFO: Bootstrap initialized. Logger is active.  
[2025-05-01 07:23:33] TaskManagementApp.INFO: Bootstrap initialized. Logger is active.  
[2025-05-01 07:23:33] TaskManagementApp.INFO: Bootstrap initialized. Logger is active.  
[2025-05-01 07:23:37] TaskManagementApp.INFO: Bootstrap initialized. Logger is active.  
[2025-05-01 07:23:37] TaskManagementApp.INFO: Bootstrap initialized. Logger is active.  
[2025-05-01 07:23:37] TaskManagementApp.INFO: Bootstrap initialized. Logger is active.  
[2025-05-01 07:23:51] TaskManagementApp.INFO: Bootstrap initialized. Logger is active.  
[2025-05-01 07:23:51] TaskManagementApp.INFO: Bootstrap initialized. Logger is active.  
[2025-05-01 07:23:51] TaskManagementApp.INFO: Bootstrap initialized. Logger is active.  
[2025-05-01 07:23:56] TaskManagementApp.INFO: Bootstrap initialized. Logger is active.  
[2025-05-01 07:23:56] TaskManagementApp.ERROR: Error fetching tasks: SQLSTATE[42S22]: Column not found: 1054 Unknown column 't.created_by' in 'field list' {"sql":"SELECT

                        t.id, t.title, t.description, t.status, t.priority, t.due_date, t.created_at, t.start_date,

                        d.name as department_name,

                        c.name as category_name, c.color as category_color,

                        u_assignee.name as assignee_name, -- Düzəliş: fullname -> name

                        u_creator.name as creator_name, -- Düzəliş: fullname -> name

                        t.assignee_id, t.created_by -- İcazə yoxlamaları üçün lazım ola bilər

                    FROM tasks t

                    LEFT JOIN departments d ON t.department_id = d.id

                    LEFT JOIN categories c ON t.category_id = c.id

                    LEFT JOIN users u_assignee ON t.assignee_id = u_assignee.id

                    LEFT JOIN users u_creator ON t.created_by = u_creator.id ORDER BY t.due_date ASC, FIELD(t.priority, 'high', 'medium', 'low'), t.created_at DESC","params":[]} 
[2025-05-01 07:23:56] TaskManagementApp.ERROR: Failed to load data for task index page. One or more models returned false.  
[2025-05-01 07:23:57] TaskManagementApp.INFO: Bootstrap initialized. Logger is active.  
[2025-05-01 07:23:57] TaskManagementApp.INFO: Bootstrap initialized. Logger is active.  
[2025-05-01 07:23:57] TaskManagementApp.INFO: Bootstrap initialized. Logger is active.  
[2025-05-01 07:23:57] TaskManagementApp.INFO: Bootstrap initialized. Logger is active.  
[2025-05-01 07:23:58] TaskManagementApp.INFO: Bootstrap initialized. Logger is active.  
[2025-05-01 07:23:58] TaskManagementApp.INFO: Bootstrap initialized. Logger is active.  
[2025-05-01 07:23:58] TaskManagementApp.INFO: Bootstrap initialized. Logger is active.  
[2025-05-01 07:23:58] TaskManagementApp.INFO: Bootstrap initialized. Logger is active.  
[2025-05-01 07:25:57] TaskManagementApp.INFO: Bootstrap initialized. Logger is active.  
[2025-05-01 07:25:57] TaskManagementApp.INFO: Bootstrap initialized. Logger is active.  
[2025-05-01 07:25:57] TaskManagementApp.INFO: Bootstrap initialized. Logger is active.  
[2025-05-01 07:25:57] TaskManagementApp.INFO: Bootstrap initialized. Logger is active.  
[2025-05-01 07:25:57] TaskManagementApp.INFO: Bootstrap initialized. Logger is active.  
[2025-05-01 07:25:59] TaskManagementApp.INFO: Bootstrap initialized. Logger is active.  
[2025-05-01 07:25:59] TaskManagementApp.INFO: Bootstrap initialized. Logger is active.  
[2025-05-01 07:25:59] TaskManagementApp.INFO: Bootstrap initialized. Logger is active.  
[2025-05-01 07:25:59] TaskManagementApp.INFO: Bootstrap initialized. Logger is active.  
[2025-05-01 07:25:59] TaskManagementApp.INFO: Bootstrap initialized. Logger is active.  
[2025-05-01 07:26:00] TaskManagementApp.INFO: Bootstrap initialized. Logger is active.  
[2025-05-01 07:26:00] TaskManagementApp.INFO: Bootstrap initialized. Logger is active.  
[2025-05-01 07:26:00] TaskManagementApp.INFO: Bootstrap initialized. Logger is active.  
[2025-05-01 07:26:00] TaskManagementApp.INFO: Bootstrap initialized. Logger is active.  
[2025-05-01 07:26:00] TaskManagementApp.INFO: Bootstrap initialized. Logger is active.  
[2025-05-01 07:26:02] TaskManagementApp.INFO: Bootstrap initialized. Logger is active.  
[2025-05-01 07:26:02] TaskManagementApp.ERROR: Error fetching tasks: SQLSTATE[42S22]: Column not found: 1054 Unknown column 't.created_by' in 'field list' {"sql":"SELECT

                        t.id, t.title, t.description, t.status, t.priority, t.due_date, t.created_at, t.start_date,

                        d.name as department_name,

                        c.name as category_name, c.color as category_color,

                        u_assignee.name as assignee_name, -- Düzəliş: fullname -> name

                        u_creator.name as creator_name, -- Düzəliş: fullname -> name

                        t.assignee_id, t.created_by -- İcazə yoxlamaları üçün lazım ola bilər

                    FROM tasks t

                    LEFT JOIN departments d ON t.department_id = d.id

                    LEFT JOIN categories c ON t.category_id = c.id

                    LEFT JOIN users u_assignee ON t.assignee_id = u_assignee.id

                    LEFT JOIN users u_creator ON t.created_by = u_creator.id ORDER BY t.due_date ASC, FIELD(t.priority, 'high', 'medium', 'low'), t.created_at DESC","params":[]} 
[2025-05-01 07:26:02] TaskManagementApp.ERROR: Failed to load data for task index page. One or more models returned false.  
[2025-05-01 07:26:02] TaskManagementApp.INFO: Bootstrap initialized. Logger is active.  
[2025-05-01 07:26:02] TaskManagementApp.INFO: Bootstrap initialized. Logger is active.  
[2025-05-01 07:26:02] TaskManagementApp.INFO: Bootstrap initialized. Logger is active.  
[2025-05-01 07:26:02] TaskManagementApp.INFO: Bootstrap initialized. Logger is active.  
[2025-05-01 07:26:03] TaskManagementApp.INFO: Bootstrap initialized. Logger is active.  
[2025-05-01 07:26:03] TaskManagementApp.INFO: Bootstrap initialized. Logger is active.  
[2025-05-01 07:26:03] TaskManagementApp.INFO: Bootstrap initialized. Logger is active.  
[2025-05-01 07:26:03] TaskManagementApp.INFO: Bootstrap initialized. Logger is active.  
[2025-05-01 07:26:03] TaskManagementApp.INFO: Bootstrap initialized. Logger is active.  
[2025-05-01 07:26:04] TaskManagementApp.INFO: Bootstrap initialized. Logger is active.  
[2025-05-01 07:26:04] TaskManagementApp.INFO: Bootstrap initialized. Logger is active.  
[2025-05-01 07:26:04] TaskManagementApp.INFO: Bootstrap initialized. Logger is active.  
[2025-05-01 07:26:04] TaskManagementApp.INFO: Bootstrap initialized. Logger is active.  
[2025-05-01 07:26:04] TaskManagementApp.INFO: Bootstrap initialized. Logger is active.  
[2025-05-01 07:26:05] TaskManagementApp.INFO: Bootstrap initialized. Logger is active.  
[2025-05-01 07:26:05] TaskManagementApp.INFO: Bootstrap initialized. Logger is active.  
[2025-05-01 07:26:05] TaskManagementApp.INFO: Bootstrap initialized. Logger is active.  
[2025-05-01 07:26:05] TaskManagementApp.INFO: Bootstrap initialized. Logger is active.  
[2025-05-01 07:26:05] TaskManagementApp.INFO: Bootstrap initialized. Logger is active.  
[2025-05-01 07:26:06] TaskManagementApp.INFO: Bootstrap initialized. Logger is active.  
[2025-05-01 07:26:06] TaskManagementApp.INFO: Bootstrap initialized. Logger is active.  
[2025-05-01 07:26:06] TaskManagementApp.INFO: Bootstrap initialized. Logger is active.  
[2025-05-01 07:26:06] TaskManagementApp.INFO: Bootstrap initialized. Logger is active.  
[2025-05-01 07:26:06] TaskManagementApp.INFO: Bootstrap initialized. Logger is active.  
[2025-05-01 07:26:06] TaskManagementApp.INFO: Bootstrap initialized. Logger is active.  
[2025-05-01 07:26:06] TaskManagementApp.INFO: Bootstrap initialized. Logger is active.  
[2025-05-01 07:26:06] TaskManagementApp.INFO: Bootstrap initialized. Logger is active.  
[2025-05-01 07:26:06] TaskManagementApp.INFO: Bootstrap initialized. Logger is active.  
[2025-05-01 07:26:06] TaskManagementApp.INFO: Bootstrap initialized. Logger is active.  
[2025-05-01 07:26:07] TaskManagementApp.INFO: Bootstrap initialized. Logger is active.  
[2025-05-01 07:26:07] TaskManagementApp.ERROR: Error fetching tasks: SQLSTATE[42S22]: Column not found: 1054 Unknown column 't.created_by' in 'field list' {"sql":"SELECT

                        t.id, t.title, t.description, t.status, t.priority, t.due_date, t.created_at, t.start_date,

                        d.name as department_name,

                        c.name as category_name, c.color as category_color,

                        u_assignee.name as assignee_name, -- Düzəliş: fullname -> name

                        u_creator.name as creator_name, -- Düzəliş: fullname -> name

                        t.assignee_id, t.created_by -- İcazə yoxlamaları üçün lazım ola bilər

                    FROM tasks t

                    LEFT JOIN departments d ON t.department_id = d.id

                    LEFT JOIN categories c ON t.category_id = c.id

                    LEFT JOIN users u_assignee ON t.assignee_id = u_assignee.id

                    LEFT JOIN users u_creator ON t.created_by = u_creator.id ORDER BY t.due_date ASC, FIELD(t.priority, 'high', 'medium', 'low'), t.created_at DESC","params":[]} 
[2025-05-01 07:26:07] TaskManagementApp.ERROR: Failed to load data for task index page. One or more models returned false.  
[2025-05-01 07:26:07] TaskManagementApp.INFO: Bootstrap initialized. Logger is active.  
[2025-05-01 07:26:07] TaskManagementApp.INFO: Bootstrap initialized. Logger is active.  
[2025-05-01 07:26:07] TaskManagementApp.INFO: Bootstrap initialized. Logger is active.  
[2025-05-01 07:26:07] TaskManagementApp.INFO: Bootstrap initialized. Logger is active.  
[2025-05-01 07:26:08] TaskManagementApp.INFO: Bootstrap initialized. Logger is active.  
[2025-05-01 07:26:08] TaskManagementApp.INFO: Bootstrap initialized. Logger is active.  
[2025-05-01 07:26:08] TaskManagementApp.INFO: Bootstrap initialized. Logger is active.  
[2025-05-01 07:26:08] TaskManagementApp.INFO: Bootstrap initialized. Logger is active.  
[2025-05-01 07:26:08] TaskManagementApp.INFO: Bootstrap initialized. Logger is active.  
[2025-05-01 07:26:08] TaskManagementApp.INFO: Bootstrap initialized. Logger is active.  
[2025-05-01 07:26:08] TaskManagementApp.INFO: Bootstrap initialized. Logger is active.  
[2025-05-01 07:26:08] TaskManagementApp.INFO: Bootstrap initialized. Logger is active.  
[2025-05-01 07:26:08] TaskManagementApp.INFO: Bootstrap initialized. Logger is active.  
[2025-05-01 07:26:08] TaskManagementApp.INFO: Bootstrap initialized. Logger is active.  
[2025-05-01 07:26:09] TaskManagementApp.INFO: Bootstrap initialized. Logger is active.  
[2025-05-01 07:26:09] TaskManagementApp.INFO: Bootstrap initialized. Logger is active.  
[2025-05-01 07:26:09] TaskManagementApp.INFO: Bootstrap initialized. Logger is active.  
[2025-05-01 07:26:09] TaskManagementApp.INFO: Bootstrap initialized. Logger is active.  
[2025-05-01 07:26:09] TaskManagementApp.INFO: Bootstrap initialized. Logger is active.  
[2025-05-01 07:26:10] TaskManagementApp.INFO: Bootstrap initialized. Logger is active.  
[2025-05-01 07:26:10] TaskManagementApp.INFO: Bootstrap initialized. Logger is active.  
[2025-05-01 07:26:10] TaskManagementApp.INFO: Bootstrap initialized. Logger is active.  
[2025-05-01 07:26:10] TaskManagementApp.INFO: Bootstrap initialized. Logger is active.  
[2025-05-01 07:26:10] TaskManagementApp.INFO: Bootstrap initialized. Logger is active.  
[2025-05-01 07:26:17] TaskManagementApp.INFO: Bootstrap initialized. Logger is active.  
[2025-05-01 07:26:17] TaskManagementApp.INFO: Bootstrap initialized. Logger is active.  
[2025-05-01 07:26:17] TaskManagementApp.INFO: Bootstrap initialized. Logger is active.  
[2025-05-01 07:26:17] TaskManagementApp.INFO: Bootstrap initialized. Logger is active.  
[2025-05-01 07:26:17] TaskManagementApp.INFO: Bootstrap initialized. Logger is active.  
[2025-05-01 07:26:21] TaskManagementApp.INFO: Bootstrap initialized. Logger is active.  
[2025-05-01 07:26:21] TaskManagementApp.INFO: Bootstrap initialized. Logger is active.  
[2025-05-01 07:26:21] TaskManagementApp.INFO: Bootstrap initialized. Logger is active.  
[2025-05-01 07:26:21] TaskManagementApp.INFO: Bootstrap initialized. Logger is active.  
[2025-05-01 07:26:21] TaskManagementApp.INFO: Bootstrap initialized. Logger is active.  
[2025-05-01 07:26:24] TaskManagementApp.INFO: Bootstrap initialized. Logger is active.  
[2025-05-01 07:26:24] TaskManagementApp.INFO: Bootstrap initialized. Logger is active.  
[2025-05-01 07:26:24] TaskManagementApp.INFO: Bootstrap initialized. Logger is active.  
[2025-05-01 07:26:24] TaskManagementApp.INFO: Bootstrap initialized. Logger is active.  
[2025-05-01 07:26:24] TaskManagementApp.INFO: Bootstrap initialized. Logger is active.  
[2025-05-01 07:26:26] TaskManagementApp.INFO: Bootstrap initialized. Logger is active.  
[2025-05-01 07:26:26] TaskManagementApp.INFO: Bootstrap initialized. Logger is active.  
[2025-05-01 07:26:26] TaskManagementApp.INFO: Bootstrap initialized. Logger is active.  
[2025-05-01 07:26:26] TaskManagementApp.INFO: Bootstrap initialized. Logger is active.  
[2025-05-01 07:26:26] TaskManagementApp.INFO: Bootstrap initialized. Logger is active.  
[2025-05-01 07:26:27] TaskManagementApp.INFO: Bootstrap initialized. Logger is active.  
[2025-05-01 07:26:27] TaskManagementApp.ERROR: Error fetching tasks: SQLSTATE[42S22]: Column not found: 1054 Unknown column 't.created_by' in 'field list' {"sql":"SELECT

                        t.id, t.title, t.description, t.status, t.priority, t.due_date, t.created_at, t.start_date,

                        d.name as department_name,

                        c.name as category_name, c.color as category_color,

                        u_assignee.name as assignee_name, -- Düzəliş: fullname -> name

                        u_creator.name as creator_name, -- Düzəliş: fullname -> name

                        t.assignee_id, t.created_by -- İcazə yoxlamaları üçün lazım ola bilər

                    FROM tasks t

                    LEFT JOIN departments d ON t.department_id = d.id

                    LEFT JOIN categories c ON t.category_id = c.id

                    LEFT JOIN users u_assignee ON t.assignee_id = u_assignee.id

                    LEFT JOIN users u_creator ON t.created_by = u_creator.id ORDER BY t.due_date ASC, FIELD(t.priority, 'high', 'medium', 'low'), t.created_at DESC","params":[]} 
[2025-05-01 07:26:27] TaskManagementApp.ERROR: Failed to load data for task index page. One or more models returned false.  
[2025-05-01 07:26:27] TaskManagementApp.INFO: Bootstrap initialized. Logger is active.  
[2025-05-01 07:26:27] TaskManagementApp.INFO: Bootstrap initialized. Logger is active.  
[2025-05-01 07:26:27] TaskManagementApp.INFO: Bootstrap initialized. Logger is active.  
[2025-05-01 07:26:27] TaskManagementApp.INFO: Bootstrap initialized. Logger is active.  
[2025-05-01 07:26:28] TaskManagementApp.INFO: Bootstrap initialized. Logger is active.  
[2025-05-01 07:26:28] TaskManagementApp.ERROR: Error fetching tasks: SQLSTATE[42S22]: Column not found: 1054 Unknown column 't.created_by' in 'field list' {"sql":"SELECT

                        t.id, t.title, t.description, t.status, t.priority, t.due_date, t.created_at, t.start_date,

                        d.name as department_name,

                        c.name as category_name, c.color as category_color,

                        u_assignee.name as assignee_name, -- Düzəliş: fullname -> name

                        u_creator.name as creator_name, -- Düzəliş: fullname -> name

                        t.assignee_id, t.created_by -- İcazə yoxlamaları üçün lazım ola bilər

                    FROM tasks t

                    LEFT JOIN departments d ON t.department_id = d.id

                    LEFT JOIN categories c ON t.category_id = c.id

                    LEFT JOIN users u_assignee ON t.assignee_id = u_assignee.id

                    LEFT JOIN users u_creator ON t.created_by = u_creator.id ORDER BY t.due_date ASC, FIELD(t.priority, 'high', 'medium', 'low'), t.created_at DESC","params":[]} 
[2025-05-01 07:26:28] TaskManagementApp.ERROR: Failed to load data for task index page. One or more models returned false.  
[2025-05-01 07:26:28] TaskManagementApp.INFO: Bootstrap initialized. Logger is active.  
[2025-05-01 07:26:28] TaskManagementApp.INFO: Bootstrap initialized. Logger is active.  
[2025-05-01 07:26:28] TaskManagementApp.INFO: Bootstrap initialized. Logger is active.  
[2025-05-01 07:26:28] TaskManagementApp.INFO: Bootstrap initialized. Logger is active.  
[2025-05-01 07:26:29] TaskManagementApp.INFO: Bootstrap initialized. Logger is active.  
[2025-05-01 07:26:29] TaskManagementApp.ERROR: Error fetching tasks: SQLSTATE[42S22]: Column not found: 1054 Unknown column 't.created_by' in 'field list' {"sql":"SELECT

                        t.id, t.title, t.description, t.status, t.priority, t.due_date, t.created_at, t.start_date,

                        d.name as department_name,

                        c.name as category_name, c.color as category_color,

                        u_assignee.name as assignee_name, -- Düzəliş: fullname -> name

                        u_creator.name as creator_name, -- Düzəliş: fullname -> name

                        t.assignee_id, t.created_by -- İcazə yoxlamaları üçün lazım ola bilər

                    FROM tasks t

                    LEFT JOIN departments d ON t.department_id = d.id

                    LEFT JOIN categories c ON t.category_id = c.id

                    LEFT JOIN users u_assignee ON t.assignee_id = u_assignee.id

                    LEFT JOIN users u_creator ON t.created_by = u_creator.id ORDER BY t.due_date ASC, FIELD(t.priority, 'high', 'medium', 'low'), t.created_at DESC","params":[]} 
[2025-05-01 07:26:29] TaskManagementApp.ERROR: Failed to load data for task index page. One or more models returned false.  
[2025-05-01 07:26:29] TaskManagementApp.INFO: Bootstrap initialized. Logger is active.  
[2025-05-01 07:26:29] TaskManagementApp.INFO: Bootstrap initialized. Logger is active.  
[2025-05-01 07:26:29] TaskManagementApp.INFO: Bootstrap initialized. Logger is active.  
[2025-05-01 07:26:29] TaskManagementApp.INFO: Bootstrap initialized. Logger is active.  
[2025-05-01 07:26:31] TaskManagementApp.INFO: Bootstrap initialized. Logger is active.  
[2025-05-01 07:26:31] TaskManagementApp.ERROR: Error fetching tasks: SQLSTATE[42S22]: Column not found: 1054 Unknown column 't.created_by' in 'field list' {"sql":"SELECT

                        t.id, t.title, t.description, t.status, t.priority, t.due_date, t.created_at, t.start_date,

                        d.name as department_name,

                        c.name as category_name, c.color as category_color,

                        u_assignee.name as assignee_name, -- Düzəliş: fullname -> name

                        u_creator.name as creator_name, -- Düzəliş: fullname -> name

                        t.assignee_id, t.created_by -- İcazə yoxlamaları üçün lazım ola bilər

                    FROM tasks t

                    LEFT JOIN departments d ON t.department_id = d.id

                    LEFT JOIN categories c ON t.category_id = c.id

                    LEFT JOIN users u_assignee ON t.assignee_id = u_assignee.id

                    LEFT JOIN users u_creator ON t.created_by = u_creator.id ORDER BY t.due_date ASC, FIELD(t.priority, 'high', 'medium', 'low'), t.created_at DESC","params":[]} 
[2025-05-01 07:26:31] TaskManagementApp.ERROR: Failed to load data for task index page. One or more models returned false.  
[2025-05-01 07:26:31] TaskManagementApp.INFO: Bootstrap initialized. Logger is active.  
[2025-05-01 07:26:31] TaskManagementApp.INFO: Bootstrap initialized. Logger is active.  
[2025-05-01 07:26:31] TaskManagementApp.INFO: Bootstrap initialized. Logger is active.  
[2025-05-01 07:26:31] TaskManagementApp.INFO: Bootstrap initialized. Logger is active.  
[2025-05-01 07:28:38] TaskManagementApp.INFO: Bootstrap initialized. Logger is active.  
[2025-05-01 07:28:38] TaskManagementApp.INFO: Bootstrap initialized. Logger is active.  
[2025-05-01 07:28:40] TaskManagementApp.INFO: Bootstrap initialized. Logger is active.  
[2025-05-01 07:28:40] TaskManagementApp.INFO: Bootstrap initialized. Logger is active.  
[2025-05-01 07:28:41] TaskManagementApp.INFO: Bootstrap initialized. Logger is active.  
[2025-05-01 07:28:41] TaskManagementApp.INFO: Bootstrap initialized. Logger is active.  
[2025-05-01 07:28:45] TaskManagementApp.INFO: Bootstrap initialized. Logger is active.  
[2025-05-01 07:28:45] TaskManagementApp.ERROR: Error fetching tasks: SQLSTATE[42S22]: Column not found: 1054 Unknown column 't.created_by' in 'field list' {"sql":"SELECT

                        t.id, t.title, t.description, t.status, t.priority, t.due_date, t.created_at, t.start_date,

                        d.name as department_name,

                        c.name as category_name, c.color as category_color,

                        u_assignee.name as assignee_name, -- Düzəliş: fullname -> name

                        u_creator.name as creator_name, -- Düzəliş: fullname -> name

                        t.assignee_id, t.created_by -- İcazə yoxlamaları üçün lazım ola bilər

                    FROM tasks t

                    LEFT JOIN departments d ON t.department_id = d.id

                    LEFT JOIN categories c ON t.category_id = c.id

                    LEFT JOIN users u_assignee ON t.assignee_id = u_assignee.id

                    LEFT JOIN users u_creator ON t.created_by = u_creator.id ORDER BY t.due_date ASC, FIELD(t.priority, 'high', 'medium', 'low'), t.created_at DESC","params":[]} 
[2025-05-01 07:28:45] TaskManagementApp.ERROR: Failed to load data for task index page. One or more models returned false.  
[2025-05-01 07:28:45] TaskManagementApp.INFO: Bootstrap initialized. Logger is active.  
[2025-05-01 07:28:46] TaskManagementApp.INFO: Bootstrap initialized. Logger is active.  
[2025-05-01 07:28:46] TaskManagementApp.INFO: Bootstrap initialized. Logger is active.  
[2025-05-01 07:28:57] TaskManagementApp.INFO: Bootstrap initialized. Logger is active.  
[2025-05-01 07:28:57] TaskManagementApp.INFO: Bootstrap initialized. Logger is active.  
[2025-05-01 07:29:30] TaskManagementApp.INFO: Bootstrap initialized. Logger is active.  
[2025-05-01 07:29:30] TaskManagementApp.INFO: Bootstrap initialized. Logger is active.  
[2025-05-01 07:29:31] TaskManagementApp.INFO: Bootstrap initialized. Logger is active.  
[2025-05-01 07:29:31] TaskManagementApp.INFO: Bootstrap initialized. Logger is active.  
[2025-05-01 07:29:33] TaskManagementApp.INFO: Bootstrap initialized. Logger is active.  
[2025-05-01 07:29:33] TaskManagementApp.INFO: Bootstrap initialized. Logger is active.  
[2025-05-01 07:29:35] TaskManagementApp.INFO: Bootstrap initialized. Logger is active.  
[2025-05-01 07:29:35] TaskManagementApp.INFO: Bootstrap initialized. Logger is active.  
[2025-05-01 07:29:37] TaskManagementApp.INFO: Bootstrap initialized. Logger is active.  
[2025-05-01 07:29:37] TaskManagementApp.INFO: Bootstrap initialized. Logger is active.  
[2025-05-01 07:29:39] TaskManagementApp.INFO: Bootstrap initialized. Logger is active.  
[2025-05-01 07:29:39] TaskManagementApp.INFO: Bootstrap initialized. Logger is active.  
[2025-05-01 07:29:51] TaskManagementApp.INFO: Bootstrap initialized. Logger is active.  
[2025-05-01 07:29:51] TaskManagementApp.INFO: Bootstrap initialized. Logger is active.  
[2025-05-01 07:30:03] TaskManagementApp.INFO: Bootstrap initialized. Logger is active.  
[2025-05-01 07:30:03] TaskManagementApp.INFO: Bootstrap initialized. Logger is active.  
[2025-05-01 07:30:03] TaskManagementApp.INFO: Bootstrap initialized. Logger is active.  
[2025-05-01 07:30:04] TaskManagementApp.INFO: Bootstrap initialized. Logger is active.  
[2025-05-01 07:30:04] TaskManagementApp.INFO: Bootstrap initialized. Logger is active.  
[2025-05-01 07:30:09] TaskManagementApp.INFO: Bootstrap initialized. Logger is active.  
[2025-05-01 07:30:09] TaskManagementApp.INFO: Bootstrap initialized. Logger is active.  
[2025-05-01 07:30:09] TaskManagementApp.INFO: Bootstrap initialized. Logger is active.  
[2025-05-01 07:30:09] TaskManagementApp.INFO: Bootstrap initialized. Logger is active.  
[2025-05-01 07:30:09] TaskManagementApp.INFO: Bootstrap initialized. Logger is active.  
[2025-05-01 07:30:28] TaskManagementApp.INFO: Bootstrap initialized. Logger is active.  
[2025-05-01 07:30:28] TaskManagementApp.ERROR: Error creating task: SQLSTATE[42S22]: Column not found: 1054 Unknown column 'created_by' in 'field list' {"data":{"title":"Cəmil1","description":"ssasa","department_id":7,"category_id":6,"assignee_id":9,"priority":"low","status":"pending","start_date":null,"due_date":"2025-05-01","created_by":6,"created_at":"2025-05-01 07:30:28","updated_at":"2025-05-01 07:30:28"}} 
[2025-05-01 07:30:28] TaskManagementApp.ERROR: Failed to create new task in DB. TaskModel::createTask returned false. {"data":{"title":"Cəmil1","description":"ssasa","department_id":7,"category_id":6,"assignee_id":9,"priority":"low","status":"pending","start_date":null,"due_date":"2025-05-01","created_by":6,"created_at":"2025-05-01 07:30:28","updated_at":"2025-05-01 07:30:28"}} 
[2025-05-01 07:30:28] TaskManagementApp.INFO: Bootstrap initialized. Logger is active.  
[2025-05-01 07:30:28] TaskManagementApp.INFO: Bootstrap initialized. Logger is active.  
[2025-05-01 07:30:28] TaskManagementApp.INFO: Bootstrap initialized. Logger is active.  
[2025-05-01 07:30:28] TaskManagementApp.INFO: Bootstrap initialized. Logger is active.  
[2025-05-01 07:30:28] TaskManagementApp.INFO: Bootstrap initialized. Logger is active.  
[2025-05-01 07:30:33] TaskManagementApp.INFO: Bootstrap initialized. Logger is active.  
[2025-05-01 07:30:33] TaskManagementApp.ERROR: Error creating task: SQLSTATE[42S22]: Column not found: 1054 Unknown column 'created_by' in 'field list' {"data":{"title":"Cəmil1","description":"ssasa","department_id":7,"category_id":6,"assignee_id":9,"priority":"low","status":"pending","start_date":null,"due_date":"2025-05-01","created_by":6,"created_at":"2025-05-01 07:30:33","updated_at":"2025-05-01 07:30:33"}} 
[2025-05-01 07:30:33] TaskManagementApp.ERROR: Failed to create new task in DB. TaskModel::createTask returned false. {"data":{"title":"Cəmil1","description":"ssasa","department_id":7,"category_id":6,"assignee_id":9,"priority":"low","status":"pending","start_date":null,"due_date":"2025-05-01","created_by":6,"created_at":"2025-05-01 07:30:33","updated_at":"2025-05-01 07:30:33"}} 
[2025-05-01 07:30:33] TaskManagementApp.INFO: Bootstrap initialized. Logger is active.  
[2025-05-01 07:30:33] TaskManagementApp.INFO: Bootstrap initialized. Logger is active.  
[2025-05-01 07:30:33] TaskManagementApp.INFO: Bootstrap initialized. Logger is active.  
[2025-05-01 07:30:33] TaskManagementApp.INFO: Bootstrap initialized. Logger is active.  
[2025-05-01 07:30:33] TaskManagementApp.INFO: Bootstrap initialized. Logger is active.  
[2025-05-01 07:31:50] TaskManagementApp.INFO: Bootstrap initialized. Logger is active.  
[2025-05-01 07:31:50] TaskManagementApp.INFO: Bootstrap initialized. Logger is active.  
[2025-05-01 07:31:52] TaskManagementApp.INFO: Bootstrap initialized. Logger is active.  
[2025-05-01 07:31:52] TaskManagementApp.INFO: Bootstrap initialized. Logger is active.  
[2025-05-01 07:31:53] TaskManagementApp.INFO: Bootstrap initialized. Logger is active.  
[2025-05-01 07:31:53] TaskManagementApp.INFO: Bootstrap initialized. Logger is active.  
[2025-05-01 07:33:09] TaskManagementApp.INFO: Bootstrap initialized. Logger is active.  
[2025-05-01 07:33:09] TaskManagementApp.INFO: Bootstrap initialized. Logger is active.  
[2025-05-01 07:33:11] TaskManagementApp.INFO: Bootstrap initialized. Logger is active.  
[2025-05-01 07:33:11] TaskManagementApp.INFO: Bootstrap initialized. Logger is active.  
[2025-05-01 07:33:32] TaskManagementApp.INFO: Bootstrap initialized. Logger is active.  
[2025-05-01 07:33:32] TaskManagementApp.INFO: Bootstrap initialized. Logger is active.  
[2025-05-01 07:33:32] TaskManagementApp.INFO: Bootstrap initialized. Logger is active.  
[2025-05-01 07:33:32] TaskManagementApp.INFO: Bootstrap initialized. Logger is active.  
[2025-05-01 07:33:32] TaskManagementApp.INFO: Bootstrap initialized. Logger is active.  
[2025-05-01 07:33:47] TaskManagementApp.INFO: Bootstrap initialized. Logger is active.  
[2025-05-01 07:33:47] TaskManagementApp.INFO: Bootstrap initialized. Logger is active.  
[2025-05-01 07:33:47] TaskManagementApp.INFO: Bootstrap initialized. Logger is active.  
[2025-05-01 07:33:47] TaskManagementApp.INFO: Bootstrap initialized. Logger is active.  
[2025-05-01 07:33:47] TaskManagementApp.INFO: Bootstrap initialized. Logger is active.  
[2025-05-01 07:33:50] TaskManagementApp.INFO: Bootstrap initialized. Logger is active.  
[2025-05-01 07:33:50] TaskManagementApp.INFO: Bootstrap initialized. Logger is active.  
[2025-05-01 07:33:50] TaskManagementApp.INFO: Bootstrap initialized. Logger is active.  
[2025-05-01 07:33:51] TaskManagementApp.INFO: Bootstrap initialized. Logger is active.  
[2025-05-01 07:33:51] TaskManagementApp.INFO: Bootstrap initialized. Logger is active.  
[2025-05-01 07:34:25] TaskManagementApp.INFO: Bootstrap initialized. Logger is active.  
[2025-05-01 07:34:25] TaskManagementApp.ERROR: Error creating task: SQLSTATE[42S22]: Column not found: 1054 Unknown column 'created_by' in 'field list' {"data":{"title":"sASa","description":"SAas","department_id":18,"category_id":2,"assignee_id":null,"priority":"low","status":"pending","start_date":null,"due_date":"2025-05-01","created_by":6,"created_at":"2025-05-01 07:34:25","updated_at":"2025-05-01 07:34:25"}} 
[2025-05-01 07:34:25] TaskManagementApp.ERROR: Failed to create new task in DB. TaskModel::createTask returned false. {"data":{"title":"sASa","description":"SAas","department_id":18,"category_id":2,"assignee_id":null,"priority":"low","status":"pending","start_date":null,"due_date":"2025-05-01","created_by":6,"created_at":"2025-05-01 07:34:25","updated_at":"2025-05-01 07:34:25"}} 
[2025-05-01 07:34:25] TaskManagementApp.INFO: Bootstrap initialized. Logger is active.  
[2025-05-01 07:34:25] TaskManagementApp.INFO: Bootstrap initialized. Logger is active.  
[2025-05-01 07:34:25] TaskManagementApp.INFO: Bootstrap initialized. Logger is active.  
[2025-05-01 07:34:25] TaskManagementApp.INFO: Bootstrap initialized. Logger is active.  
[2025-05-01 07:34:25] TaskManagementApp.INFO: Bootstrap initialized. Logger is active.  
[2025-05-01 07:37:05] TaskManagementApp.INFO: Bootstrap initialized. Logger is active.  
[2025-05-01 07:37:05] TaskManagementApp.ERROR: Error adding task history {"exception":"SQLSTATE[42S22]: Column not found: 1054 Unknown column 'details' in 'field list'","taskId":57} 
[2025-05-01 07:37:05] TaskManagementApp.INFO: New task created successfully. {"task_id":57,"title":"sASa","created_by":6} 
[2025-05-01 07:37:05] TaskManagementApp.INFO: Bootstrap initialized. Logger is active.  
[2025-05-01 07:37:05] TaskManagementApp.INFO: Bootstrap initialized. Logger is active.  
[2025-05-01 07:37:05] TaskManagementApp.INFO: Bootstrap initialized. Logger is active.  
[2025-05-01 07:37:05] TaskManagementApp.INFO: Bootstrap initialized. Logger is active.  
[2025-05-01 07:37:05] TaskManagementApp.INFO: Bootstrap initialized. Logger is active.  
[2025-05-01 07:37:13] TaskManagementApp.INFO: Bootstrap initialized. Logger is active.  
[2025-05-01 07:37:13] TaskManagementApp.ERROR: Error fetching task by ID: SQLSTATE[42S22]: Column not found: 1054 Unknown column 't.completed_by' in 'field list' {"task_id":57} 
[2025-05-01 07:37:13] TaskManagementApp.WARNING: Task not found for view. {"id":57} 
[2025-05-01 07:37:13] TaskManagementApp.ERROR: Error fetching task by ID: SQLSTATE[42S22]: Column not found: 1054 Unknown column 't.completed_by' in 'field list' {"task_id":57} 
[2025-05-01 07:37:13] TaskManagementApp.INFO: Bootstrap initialized. Logger is active.  
[2025-05-01 07:37:13] TaskManagementApp.INFO: Bootstrap initialized. Logger is active.  
[2025-05-01 07:37:13] TaskManagementApp.INFO: Bootstrap initialized. Logger is active.  
[2025-05-01 07:37:13] TaskManagementApp.INFO: Bootstrap initialized. Logger is active.  
[2025-05-01 07:37:16] TaskManagementApp.INFO: Bootstrap initialized. Logger is active.  
[2025-05-01 07:37:16] TaskManagementApp.INFO: Bootstrap initialized. Logger is active.  
[2025-05-01 07:37:16] TaskManagementApp.INFO: Bootstrap initialized. Logger is active.  
[2025-05-01 07:37:16] TaskManagementApp.INFO: Bootstrap initialized. Logger is active.  
[2025-05-01 07:37:16] TaskManagementApp.INFO: Bootstrap initialized. Logger is active.  
[2025-05-01 07:37:17] TaskManagementApp.INFO: Bootstrap initialized. Logger is active.  
[2025-05-01 07:37:17] TaskManagementApp.ERROR: Error fetching task by ID: SQLSTATE[42S22]: Column not found: 1054 Unknown column 't.completed_by' in 'field list' {"task_id":57} 
[2025-05-01 07:37:17] TaskManagementApp.WARNING: Task not found for view. {"id":57} 
[2025-05-01 07:37:17] TaskManagementApp.ERROR: Error fetching task by ID: SQLSTATE[42S22]: Column not found: 1054 Unknown column 't.completed_by' in 'field list' {"task_id":57} 
[2025-05-01 07:37:17] TaskManagementApp.INFO: Bootstrap initialized. Logger is active.  
[2025-05-01 07:37:17] TaskManagementApp.INFO: Bootstrap initialized. Logger is active.  
[2025-05-01 07:37:17] TaskManagementApp.INFO: Bootstrap initialized. Logger is active.  
[2025-05-01 07:37:17] TaskManagementApp.INFO: Bootstrap initialized. Logger is active.  
[2025-05-01 07:37:19] TaskManagementApp.INFO: Bootstrap initialized. Logger is active.  
[2025-05-01 07:37:19] TaskManagementApp.INFO: Bootstrap initialized. Logger is active.  
[2025-05-01 07:37:19] TaskManagementApp.INFO: Bootstrap initialized. Logger is active.  
[2025-05-01 07:37:19] TaskManagementApp.INFO: Bootstrap initialized. Logger is active.  
[2025-05-01 07:37:19] TaskManagementApp.INFO: Bootstrap initialized. Logger is active.  
[2025-05-01 07:39:04] TaskManagementApp.INFO: Bootstrap initialized. Logger is active.  
[2025-05-01 07:39:04] TaskManagementApp.INFO: Bootstrap initialized. Logger is active.  
[2025-05-01 07:39:04] TaskManagementApp.INFO: Bootstrap initialized. Logger is active.  
[2025-05-01 07:39:04] TaskManagementApp.INFO: Bootstrap initialized. Logger is active.  
[2025-05-01 07:39:04] TaskManagementApp.INFO: Bootstrap initialized. Logger is active.  
[2025-05-01 07:39:06] TaskManagementApp.INFO: Bootstrap initialized. Logger is active.  
[2025-05-01 07:39:06] TaskManagementApp.ERROR: Error fetching task by ID: SQLSTATE[42S22]: Column not found: 1054 Unknown column 't.completed_by' in 'field list' {"task_id":57} 
[2025-05-01 07:39:06] TaskManagementApp.WARNING: Task not found for view. {"id":57} 
[2025-05-01 07:39:06] TaskManagementApp.ERROR: Error fetching task by ID: SQLSTATE[42S22]: Column not found: 1054 Unknown column 't.completed_by' in 'field list' {"task_id":57} 
[2025-05-01 07:39:06] TaskManagementApp.INFO: Bootstrap initialized. Logger is active.  
[2025-05-01 07:39:06] TaskManagementApp.INFO: Bootstrap initialized. Logger is active.  
[2025-05-01 07:39:06] TaskManagementApp.INFO: Bootstrap initialized. Logger is active.  
[2025-05-01 07:39:06] TaskManagementApp.INFO: Bootstrap initialized. Logger is active.  
[2025-05-01 07:39:07] TaskManagementApp.INFO: Bootstrap initialized. Logger is active.  
[2025-05-01 07:39:07] TaskManagementApp.INFO: Bootstrap initialized. Logger is active.  
[2025-05-01 07:39:07] TaskManagementApp.INFO: Bootstrap initialized. Logger is active.  
[2025-05-01 07:39:07] TaskManagementApp.INFO: Bootstrap initialized. Logger is active.  
[2025-05-01 07:39:07] TaskManagementApp.INFO: Bootstrap initialized. Logger is active.  
[2025-05-01 07:39:10] TaskManagementApp.INFO: Bootstrap initialized. Logger is active.  
[2025-05-01 07:39:10] TaskManagementApp.INFO: Bootstrap initialized. Logger is active.  
[2025-05-01 07:39:10] TaskManagementApp.INFO: Bootstrap initialized. Logger is active.  
[2025-05-01 07:39:10] TaskManagementApp.INFO: Bootstrap initialized. Logger is active.  
[2025-05-01 07:39:10] TaskManagementApp.INFO: Bootstrap initialized. Logger is active.  
[2025-05-01 07:39:13] TaskManagementApp.INFO: Bootstrap initialized. Logger is active.  
[2025-05-01 07:39:13] TaskManagementApp.INFO: Bootstrap initialized. Logger is active.  
[2025-05-01 07:39:13] TaskManagementApp.INFO: Bootstrap initialized. Logger is active.  
[2025-05-01 07:39:13] TaskManagementApp.INFO: Bootstrap initialized. Logger is active.  
[2025-05-01 07:39:13] TaskManagementApp.INFO: Bootstrap initialized. Logger is active.  
[2025-05-01 07:39:16] TaskManagementApp.INFO: Bootstrap initialized. Logger is active.  
[2025-05-01 07:39:16] TaskManagementApp.ERROR: Error fetching task by ID: SQLSTATE[42S22]: Column not found: 1054 Unknown column 't.completed_by' in 'field list' {"task_id":57} 
[2025-05-01 07:39:16] TaskManagementApp.WARNING: Task not found for view. {"id":57} 
[2025-05-01 07:39:16] TaskManagementApp.ERROR: Error fetching task by ID: SQLSTATE[42S22]: Column not found: 1054 Unknown column 't.completed_by' in 'field list' {"task_id":57} 
[2025-05-01 07:39:16] TaskManagementApp.INFO: Bootstrap initialized. Logger is active.  
[2025-05-01 07:39:16] TaskManagementApp.INFO: Bootstrap initialized. Logger is active.  
[2025-05-01 07:39:16] TaskManagementApp.INFO: Bootstrap initialized. Logger is active.  
[2025-05-01 07:39:16] TaskManagementApp.INFO: Bootstrap initialized. Logger is active.  
[2025-05-01 07:39:17] TaskManagementApp.INFO: Bootstrap initialized. Logger is active.  
[2025-05-01 07:39:17] TaskManagementApp.INFO: Bootstrap initialized. Logger is active.  
[2025-05-01 07:39:17] TaskManagementApp.INFO: Bootstrap initialized. Logger is active.  
[2025-05-01 07:39:17] TaskManagementApp.INFO: Bootstrap initialized. Logger is active.  
[2025-05-01 07:39:17] TaskManagementApp.INFO: Bootstrap initialized. Logger is active.  
[2025-05-01 07:41:09] TaskManagementApp.INFO: Bootstrap initialized. Logger is active.  
[2025-05-01 07:41:10] TaskManagementApp.INFO: Bootstrap initialized. Logger is active.  
[2025-05-01 07:41:11] TaskManagementApp.INFO: Bootstrap initialized. Logger is active.  
[2025-05-01 07:41:11] TaskManagementApp.INFO: Bootstrap initialized. Logger is active.  
[2025-05-01 07:41:14] TaskManagementApp.INFO: Bootstrap initialized. Logger is active.  
[2025-05-01 07:41:14] TaskManagementApp.INFO: TaskController::startProgress method entered. {"post_data":{"csrf_token":"29ee44aca27313ab8a2bb30d29441d97775f60639988dae4375bb38a2b79748d","action":"start_progress","task_id":"57"}} 
[2025-05-01 07:41:14] TaskManagementApp.ERROR: Error adding task history {"exception":"SQLSTATE[42S22]: Column not found: 1054 Unknown column 'details' in 'field list'","taskId":57} 
[2025-05-01 07:41:14] TaskManagementApp.INFO: Task progress started successfully. {"task_id":57,"user_id":9} 
[2025-05-01 07:41:14] TaskManagementApp.INFO: Bootstrap initialized. Logger is active.  
[2025-05-01 07:41:14] TaskManagementApp.INFO: Bootstrap initialized. Logger is active.  
[2025-05-01 07:41:22] TaskManagementApp.INFO: Bootstrap initialized. Logger is active.  
[2025-05-01 07:41:22] TaskManagementApp.INFO: TaskController::updateStatus method entered. {"request_method":"POST","post_data":{"csrf_token":"29ee44aca27313ab8a2bb30d29441d97775f60639988dae4375bb38a2b79748d","action":"finish_task","task_id":"57","comment":"123","new_status":"completed"}} 
[2025-05-01 07:41:22] TaskManagementApp.DEBUG: CSRF token validated successfully.  
[2025-05-01 07:41:22] TaskManagementApp.DEBUG: Input data received for status update. {"task_id":57,"new_status":"completed","comment_length":3,"user_id":9} 
[2025-05-01 07:41:22] TaskManagementApp.DEBUG: Input validation passed for status update.  
[2025-05-01 07:41:22] TaskManagementApp.DEBUG: Calling TaskModel::updateTaskStatus. {"task_id":57,"new_status":"completed"} 
[2025-05-01 07:41:22] TaskManagementApp.ERROR: Error updating task status: SQLSTATE[42S22]: Column not found: 1054 Unknown column 'completed_by' in 'field list' {"task_id":57,"new_status":"completed","user_id":9} 
[2025-05-01 07:41:22] TaskManagementApp.ERROR: TaskModel::updateTaskStatus returned false. Status not updated in DB. {"task_id":57,"new_status":"completed"} 
[2025-05-01 07:41:22] TaskManagementApp.DEBUG: Redirecting back to task view after failed status update.  
[2025-05-01 07:41:22] TaskManagementApp.INFO: Bootstrap initialized. Logger is active.  
[2025-05-01 07:41:22] TaskManagementApp.INFO: Bootstrap initialized. Logger is active.  
[2025-05-01 07:42:13] TaskManagementApp.INFO: Bootstrap initialized. Logger is active.  
[2025-05-01 07:42:13] TaskManagementApp.INFO: Bootstrap initialized. Logger is active.  
[2025-05-01 07:42:17] TaskManagementApp.INFO: Bootstrap initialized. Logger is active.  
[2025-05-01 07:42:17] TaskManagementApp.INFO: Bootstrap initialized. Logger is active.  
[2025-05-01 07:42:28] TaskManagementApp.INFO: Bootstrap initialized. Logger is active.  
[2025-05-01 07:42:28] TaskManagementApp.INFO: TaskController::updateStatus method entered. {"request_method":"POST","post_data":{"csrf_token":"29ee44aca27313ab8a2bb30d29441d97775f60639988dae4375bb38a2b79748d","action":"finish_task","task_id":"57","comment":"12","new_status":"completed"}} 
[2025-05-01 07:42:28] TaskManagementApp.DEBUG: CSRF token validated successfully.  
[2025-05-01 07:42:28] TaskManagementApp.DEBUG: Input data received for status update. {"task_id":57,"new_status":"completed","comment_length":2,"user_id":9} 
[2025-05-01 07:42:28] TaskManagementApp.DEBUG: Input validation passed for status update.  
[2025-05-01 07:42:28] TaskManagementApp.DEBUG: Calling TaskModel::updateTaskStatus. {"task_id":57,"new_status":"completed"} 
[2025-05-01 07:42:28] TaskManagementApp.ERROR: Error updating task status: SQLSTATE[42S22]: Column not found: 1054 Unknown column 'completed_by' in 'field list' {"task_id":57,"new_status":"completed","user_id":9} 
[2025-05-01 07:42:28] TaskManagementApp.ERROR: TaskModel::updateTaskStatus returned false. Status not updated in DB. {"task_id":57,"new_status":"completed"} 
[2025-05-01 07:42:28] TaskManagementApp.DEBUG: Redirecting back to task view after failed status update.  
[2025-05-01 07:42:28] TaskManagementApp.INFO: Bootstrap initialized. Logger is active.  
[2025-05-01 07:42:28] TaskManagementApp.INFO: Bootstrap initialized. Logger is active.  
[2025-05-01 07:44:27] TaskManagementApp.INFO: Bootstrap initialized. Logger is active.  
[2025-05-01 07:44:27] TaskManagementApp.INFO: Bootstrap initialized. Logger is active.  
[2025-05-01 07:44:28] TaskManagementApp.INFO: Bootstrap initialized. Logger is active.  
[2025-05-01 07:44:28] TaskManagementApp.INFO: Bootstrap initialized. Logger is active.  
[2025-05-01 07:45:19] TaskManagementApp.INFO: Bootstrap initialized. Logger is active.  
[2025-05-01 07:45:19] TaskManagementApp.INFO: Bootstrap initialized. Logger is active.  
[2025-05-01 07:45:26] TaskManagementApp.INFO: Bootstrap initialized. Logger is active.  
[2025-05-01 07:45:26] TaskManagementApp.INFO: TaskController::updateStatus method entered. {"request_method":"POST","post_data":{"csrf_token":"29ee44aca27313ab8a2bb30d29441d97775f60639988dae4375bb38a2b79748d","action":"finish_task","task_id":"57","comment":"gfg","new_status":"completed"}} 
[2025-05-01 07:45:26] TaskManagementApp.DEBUG: CSRF token validated successfully.  
[2025-05-01 07:45:26] TaskManagementApp.DEBUG: Input data received for status update. {"task_id":57,"new_status":"completed","comment_length":3,"user_id":9} 
[2025-05-01 07:45:26] TaskManagementApp.DEBUG: Input validation passed for status update.  
[2025-05-01 07:45:26] TaskManagementApp.DEBUG: Calling TaskModel::updateTaskStatus. {"task_id":57,"new_status":"completed"} 
[2025-05-01 07:45:26] TaskManagementApp.ERROR: Error updating task status: SQLSTATE[42S22]: Column not found: 1054 Unknown column 'completed_by' in 'field list' {"task_id":57,"new_status":"completed","user_id":9} 
[2025-05-01 07:45:26] TaskManagementApp.ERROR: TaskModel::updateTaskStatus returned false. Status not updated in DB. {"task_id":57,"new_status":"completed"} 
[2025-05-01 07:45:26] TaskManagementApp.DEBUG: Redirecting back to task view after failed status update.  
[2025-05-01 07:45:26] TaskManagementApp.INFO: Bootstrap initialized. Logger is active.  
[2025-05-01 07:45:26] TaskManagementApp.INFO: Bootstrap initialized. Logger is active.  
[2025-05-01 07:45:38] TaskManagementApp.INFO: Bootstrap initialized. Logger is active.  
[2025-05-01 07:45:38] TaskManagementApp.INFO: TaskController::updateStatus method entered. {"request_method":"POST","post_data":{"csrf_token":"29ee44aca27313ab8a2bb30d29441d97775f60639988dae4375bb38a2b79748d","action":"finish_task","task_id":"57","comment":"sfdfsd","new_status":"declined"}} 
[2025-05-01 07:45:38] TaskManagementApp.DEBUG: CSRF token validated successfully.  
[2025-05-01 07:45:38] TaskManagementApp.DEBUG: Input data received for status update. {"task_id":57,"new_status":"declined","comment_length":6,"user_id":9} 
[2025-05-01 07:45:38] TaskManagementApp.DEBUG: Input validation passed for status update.  
[2025-05-01 07:45:38] TaskManagementApp.DEBUG: Calling TaskModel::updateTaskStatus. {"task_id":57,"new_status":"declined"} 
[2025-05-01 07:45:38] TaskManagementApp.ERROR: Error updating task status: SQLSTATE[42S22]: Column not found: 1054 Unknown column 'completed_by' in 'field list' {"task_id":57,"new_status":"declined","user_id":9} 
[2025-05-01 07:45:38] TaskManagementApp.ERROR: TaskModel::updateTaskStatus returned false. Status not updated in DB. {"task_id":57,"new_status":"declined"} 
[2025-05-01 07:45:38] TaskManagementApp.DEBUG: Redirecting back to task view after failed status update.  
[2025-05-01 07:45:38] TaskManagementApp.INFO: Bootstrap initialized. Logger is active.  
[2025-05-01 07:45:38] TaskManagementApp.INFO: Bootstrap initialized. Logger is active.  
[2025-05-01 07:49:28] TaskManagementApp.INFO: Bootstrap initialized. Logger is active.  
[2025-05-01 07:49:28] TaskManagementApp.INFO: Bootstrap initialized. Logger is active.  
[2025-05-01 07:49:33] TaskManagementApp.INFO: Bootstrap initialized. Logger is active.  
[2025-05-01 07:49:33] TaskManagementApp.INFO: TaskController::updateStatus method entered. {"request_method":"POST","post_data":{"csrf_token":"29ee44aca27313ab8a2bb30d29441d97775f60639988dae4375bb38a2b79748d","action":"finish_task","task_id":"57","comment":"dfsdf","new_status":"completed"}} 
[2025-05-01 07:49:33] TaskManagementApp.DEBUG: CSRF token validated successfully.  
[2025-05-01 07:49:33] TaskManagementApp.DEBUG: Input data received for status update. {"task_id":57,"new_status":"completed","comment_length":5,"user_id":9} 
[2025-05-01 07:49:33] TaskManagementApp.DEBUG: Input validation passed for status update.  
[2025-05-01 07:49:33] TaskManagementApp.DEBUG: Calling TaskModel::updateTaskStatus. {"task_id":57,"new_status":"completed"} 
[2025-05-01 07:49:33] TaskManagementApp.ERROR: Error updating task status: SQLSTATE[42S22]: Column not found: 1054 Unknown column 'completed_by' in 'field list' {"task_id":57,"new_status":"completed","user_id":9} 
[2025-05-01 07:49:33] TaskManagementApp.ERROR: TaskModel::updateTaskStatus returned false. Status not updated in DB. {"task_id":57,"new_status":"completed"} 
[2025-05-01 07:49:33] TaskManagementApp.DEBUG: Redirecting back to task view after failed status update.  
[2025-05-01 07:49:33] TaskManagementApp.INFO: Bootstrap initialized. Logger is active.  
[2025-05-01 07:49:33] TaskManagementApp.INFO: Bootstrap initialized. Logger is active.  
[2025-05-01 07:53:24] TaskManagementApp.INFO: Bootstrap initialized. Logger is active.  
[2025-05-01 07:53:24] TaskManagementApp.INFO: Bootstrap initialized. Logger is active.  
[2025-05-01 07:53:29] TaskManagementApp.INFO: Bootstrap initialized. Logger is active.  
[2025-05-01 07:53:29] TaskManagementApp.INFO: TaskController::updateStatus method entered. {"request_method":"POST","post_data":{"csrf_token":"29ee44aca27313ab8a2bb30d29441d97775f60639988dae4375bb38a2b79748d","action":"finish_task","task_id":"57","comment":"fgdsfsd","new_status":"completed"}} 
[2025-05-01 07:53:29] TaskManagementApp.DEBUG: CSRF token validated successfully.  
[2025-05-01 07:53:29] TaskManagementApp.DEBUG: Input data received for status update. {"task_id":57,"new_status":"completed","comment_length":7,"user_id":9} 
[2025-05-01 07:53:29] TaskManagementApp.DEBUG: Input validation passed for status update.  
[2025-05-01 07:53:29] TaskManagementApp.DEBUG: Calling TaskModel::updateTaskStatus. {"task_id":57,"new_status":"completed"} 
[2025-05-01 07:53:29] TaskManagementApp.INFO: Task status updated successfully via model. {"task_id":57,"new_status":"completed","updated_by":9} 
[2025-05-01 07:53:29] TaskManagementApp.DEBUG: Calling CommentModel::addComment. {"task_id":57,"user_id":9} 
[2025-05-01 07:53:30] TaskManagementApp.ERROR: Error adding task history {"exception":"SQLSTATE[42S22]: Column not found: 1054 Unknown column 'details' in 'field list'","taskId":57} 
[2025-05-01 07:53:30] TaskManagementApp.INFO: Closing comment added successfully. {"task_id":57,"user_id":9,"comment_id":21} 
[2025-05-01 07:53:30] TaskManagementApp.INFO: Bootstrap initialized. Logger is active.  
[2025-05-01 07:53:30] TaskManagementApp.INFO: Bootstrap initialized. Logger is active.  
[2025-05-01 07:53:38] TaskManagementApp.INFO: Bootstrap initialized. Logger is active.  
[2025-05-01 07:53:38] TaskManagementApp.INFO: Bootstrap initialized. Logger is active.  
[2025-05-01 07:53:42] TaskManagementApp.INFO: Bootstrap initialized. Logger is active.  
[2025-05-01 07:53:42] TaskManagementApp.INFO: Bootstrap initialized. Logger is active.  
[2025-05-01 07:54:04] TaskManagementApp.INFO: Bootstrap initialized. Logger is active.  
[2025-05-01 07:54:04] TaskManagementApp.INFO: Bootstrap initialized. Logger is active.  
[2025-05-01 07:54:06] TaskManagementApp.INFO: Bootstrap initialized. Logger is active.  
[2025-05-01 07:54:06] TaskManagementApp.INFO: Bootstrap initialized. Logger is active.  
[2025-05-01 07:54:09] TaskManagementApp.INFO: Bootstrap initialized. Logger is active.  
[2025-05-01 07:54:09] TaskManagementApp.INFO: Bootstrap initialized. Logger is active.  
[2025-05-01 09:10:07] TaskManagementApp.INFO: Bootstrap initialized. Logger is active.  
[2025-05-01 09:10:07] TaskManagementApp.INFO: Bootstrap initialized. Logger is active.  
[2025-05-01 09:10:09] TaskManagementApp.INFO: Bootstrap initialized. Logger is active.  
[2025-05-01 09:10:09] TaskManagementApp.INFO: Bootstrap initialized. Logger is active.  
[2025-05-01 09:10:11] TaskManagementApp.INFO: Bootstrap initialized. Logger is active.  
[2025-05-01 09:10:11] TaskManagementApp.INFO: Bootstrap initialized. Logger is active.  
[2025-05-01 09:10:18] TaskManagementApp.INFO: Bootstrap initialized. Logger is active.  
[2025-05-01 09:10:18] TaskManagementApp.INFO: Bootstrap initialized. Logger is active.  
[2025-05-01 09:14:56] TaskManagementApp.INFO: Bootstrap initialized. Logger is active.  
[2025-05-01 09:14:56] TaskManagementApp.INFO: Bootstrap initialized. Logger is active.  
[2025-05-01 09:16:53] TaskManagementApp.INFO: Bootstrap initialized. Logger is active.  
[2025-05-01 09:16:53] TaskManagementApp.INFO: Bootstrap initialized. Logger is active.  
[2025-05-01 09:16:53] TaskManagementApp.INFO: Bootstrap initialized. Logger is active.  
[2025-05-01 09:16:53] TaskManagementApp.INFO: Bootstrap initialized. Logger is active.  
[2025-05-01 09:16:53] TaskManagementApp.INFO: Bootstrap initialized. Logger is active.  
[2025-05-01 09:16:54] TaskManagementApp.INFO: Bootstrap initialized. Logger is active.  
[2025-05-01 09:16:54] TaskManagementApp.INFO: Bootstrap initialized. Logger is active.  
[2025-05-01 09:16:54] TaskManagementApp.INFO: Bootstrap initialized. Logger is active.  
[2025-05-01 09:16:54] TaskManagementApp.INFO: Bootstrap initialized. Logger is active.  
[2025-05-01 09:16:54] TaskManagementApp.INFO: Bootstrap initialized. Logger is active.  
[2025-05-01 09:17:14] TaskManagementApp.INFO: Bootstrap initialized. Logger is active.  
[2025-05-01 09:17:14] TaskManagementApp.ERROR: Error adding task history {"exception":"SQLSTATE[42S22]: Column not found: 1054 Unknown column 'details' in 'field list'","taskId":58} 
[2025-05-01 09:17:14] TaskManagementApp.INFO: New task created successfully. {"task_id":58,"title":"1254","created_by":6} 
[2025-05-01 09:17:14] TaskManagementApp.INFO: Bootstrap initialized. Logger is active.  
[2025-05-01 09:17:14] TaskManagementApp.INFO: Bootstrap initialized. Logger is active.  
[2025-05-01 09:17:14] TaskManagementApp.INFO: Bootstrap initialized. Logger is active.  
[2025-05-01 09:17:14] TaskManagementApp.INFO: Bootstrap initialized. Logger is active.  
[2025-05-01 09:17:14] TaskManagementApp.INFO: Bootstrap initialized. Logger is active.  
[2025-05-01 09:17:19] TaskManagementApp.INFO: Bootstrap initialized. Logger is active.  
[2025-05-01 09:17:19] TaskManagementApp.INFO: Bootstrap initialized. Logger is active.  
[2025-05-01 09:17:22] TaskManagementApp.INFO: Bootstrap initialized. Logger is active.  
[2025-05-01 09:17:22] TaskManagementApp.INFO: Bootstrap initialized. Logger is active.  
[2025-05-01 09:17:23] TaskManagementApp.INFO: Bootstrap initialized. Logger is active.  
[2025-05-01 09:17:23] TaskManagementApp.INFO: Bootstrap initialized. Logger is active.  
[2025-05-01 09:17:29] TaskManagementApp.INFO: Bootstrap initialized. Logger is active.  
[2025-05-01 09:17:29] TaskManagementApp.INFO: Bootstrap initialized. Logger is active.  
[2025-05-01 09:17:29] TaskManagementApp.INFO: Bootstrap initialized. Logger is active.  
[2025-05-01 09:17:29] TaskManagementApp.INFO: Bootstrap initialized. Logger is active.  
[2025-05-01 09:17:44] TaskManagementApp.INFO: Bootstrap initialized. Logger is active.  
[2025-05-01 09:17:44] TaskManagementApp.ERROR: Error adding task history {"exception":"SQLSTATE[42S22]: Column not found: 1054 Unknown column 'details' in 'field list'","taskId":59} 
[2025-05-01 09:17:44] TaskManagementApp.INFO: New task created successfully. {"task_id":59,"title":"fgdfgd","created_by":6} 
[2025-05-01 09:17:44] TaskManagementApp.INFO: Bootstrap initialized. Logger is active.  
[2025-05-01 09:17:44] TaskManagementApp.INFO: Bootstrap initialized. Logger is active.  
[2025-05-01 09:17:44] TaskManagementApp.INFO: Bootstrap initialized. Logger is active.  
[2025-05-01 09:17:44] TaskManagementApp.INFO: Bootstrap initialized. Logger is active.  
[2025-05-01 09:17:44] TaskManagementApp.INFO: Bootstrap initialized. Logger is active.  
[2025-05-01 09:19:41] TaskManagementApp.INFO: Bootstrap initialized. Logger is active.  
[2025-05-01 09:19:41] TaskManagementApp.INFO: Bootstrap initialized. Logger is active.  
[2025-05-01 10:25:12] TaskManagementApp.INFO: Bootstrap initialized. Logger is active.  
[2025-05-01 10:25:12] TaskManagementApp.INFO: Bootstrap initialized. Logger is active.  
[2025-05-01 10:25:12] TaskManagementApp.INFO: Bootstrap initialized. Logger is active.  
[2025-05-01 10:25:12] TaskManagementApp.INFO: Bootstrap initialized. Logger is active.  
[2025-05-01 10:25:12] TaskManagementApp.INFO: Bootstrap initialized. Logger is active.  
[2025-05-01 10:25:15] TaskManagementApp.INFO: Bootstrap initialized. Logger is active.  
[2025-05-01 10:25:15] TaskManagementApp.INFO: Bootstrap initialized. Logger is active.  
[2025-05-01 10:25:15] TaskManagementApp.INFO: Bootstrap initialized. Logger is active.  
[2025-05-01 10:25:15] TaskManagementApp.INFO: Bootstrap initialized. Logger is active.  
[2025-05-01 10:25:15] TaskManagementApp.INFO: Bootstrap initialized. Logger is active.  
[2025-05-01 10:25:25] TaskManagementApp.INFO: Bootstrap initialized. Logger is active.  
[2025-05-01 10:25:25] TaskManagementApp.INFO: Bootstrap initialized. Logger is active.  
[2025-05-01 10:25:25] TaskManagementApp.INFO: Bootstrap initialized. Logger is active.  
[2025-05-01 10:25:25] TaskManagementApp.INFO: Bootstrap initialized. Logger is active.  
[2025-05-01 10:25:25] TaskManagementApp.INFO: Bootstrap initialized. Logger is active.  
[2025-05-01 10:25:26] TaskManagementApp.INFO: Bootstrap initialized. Logger is active.  
[2025-05-01 10:25:26] TaskManagementApp.INFO: Bootstrap initialized. Logger is active.  
[2025-05-01 10:25:26] TaskManagementApp.INFO: Bootstrap initialized. Logger is active.  
[2025-05-01 10:25:26] TaskManagementApp.INFO: Bootstrap initialized. Logger is active.  
[2025-05-01 10:25:26] TaskManagementApp.INFO: Bootstrap initialized. Logger is active.  
[2025-05-01 10:25:28] TaskManagementApp.INFO: Bootstrap initialized. Logger is active.  
[2025-05-01 10:25:28] TaskManagementApp.INFO: Bootstrap initialized. Logger is active.  
[2025-05-01 10:25:28] TaskManagementApp.INFO: Bootstrap initialized. Logger is active.  
[2025-05-01 10:25:28] TaskManagementApp.INFO: Bootstrap initialized. Logger is active.  
[2025-05-01 10:25:28] TaskManagementApp.INFO: Bootstrap initialized. Logger is active.  
[2025-05-01 10:25:29] TaskManagementApp.INFO: Bootstrap initialized. Logger is active.  
[2025-05-01 10:25:29] TaskManagementApp.INFO: Bootstrap initialized. Logger is active.  
[2025-05-01 10:25:29] TaskManagementApp.INFO: Bootstrap initialized. Logger is active.  
[2025-05-01 10:25:29] TaskManagementApp.INFO: Bootstrap initialized. Logger is active.  
[2025-05-01 10:25:29] TaskManagementApp.INFO: Bootstrap initialized. Logger is active.  
